tie1,open1,tie2,open2,cycles_overlap,exact_loss,surrogate_loss,abs_err,rel_err,max_flow_err
11,9,13,12,False,15.199836342500003,15.199836342500003,0.0,0.0,5.551115123125783e-17
11,9,13,14,False,15.000322542500003,15.000322542500003,0.0,0.0,5.551115123125783e-17
11,9,13,15,False,14.880055902500002,14.880055902500002,0.0,0.0,5.551115123125783e-17
11,9,13,16,False,14.758858662500003,14.758858662500003,0.0,0.0,5.551115123125783e-17
11,9,13,18,False,14.682413742500003,14.682413742500003,0.0,0.0,5.551115123125783e-17
11,9,13,19,False,14.663780862500003,14.663780862500003,0.0,0.0,5.551115123125783e-17
11,7,13,12,False,15.864991342500002,15.864991342500002,0.0,0.0,5.551115123125783e-17
11,7,13,14,False,15.665477542500001,15.665477542500001,0.0,0.0,5.551115123125783e-17
11,7,13,15,False,15.545210902500001,15.545210902500001,0.0,0.0,5.551115123125783e-17
11,7,13,16,False,15.4240136625,15.4240136625,0.0,0.0,5.551115123125783e-17
11,7,13,18,False,15.3475687425,15.3475687425,0.0,0.0,5.551115123125783e-17
11,7,13,19,False,15.328935862500002,15.328935862500002,0.0,0.0,5.551115123125783e-17
11,6,13,12,False,27.259987402500002,27.259987402500002,0.0,0.0,2.220446049250313e-16
11,6,13,14,False,27.060473602500004,27.060473602500004,0.0,0.0,2.220446049250313e-16
11,6,13,15,False,26.940206962500003,26.940206962500003,0.0,0.0,2.220446049250313e-16
11,6,13,16,False,26.819009722500002,26.819009722500002,0.0,0.0,2.220446049250313e-16
11,6,13,18,False,26.742564802500002,26.742564802500002,0.0,0.0,2.220446049250313e-16
11,6,13,19,False,26.723931922500004,26.723931922500004,0.0,0.0,2.220446049250313e-16
11,5,13,12,False,28.396649182500006,28.396649182500006,0.0,0.0,1.1102230246251565e-16
11,5,13,14,False,28.197135382500008,28.197135382500008,0.0,0.0,1.1102230246251565e-16
11,5,13,15,False,28.076868742500007,28.076868742500007,0.0,0.0,1.1102230246251565e-16
11,5,13,16,False,27.955671502500007,27.955671502500007,0.0,0.0,1.1102230246251565e-16
11,5,13,18,False,27.879226582500007,27.879226582500007,0.0,0.0,1.1102230246251565e-16
11,5,13,19,False,27.860593702500008,27.860593702500008,0.0,0.0,1.1102230246251565e-16
11,3,13,12,False,30.821937382500007,30.821937382500007,0.0,0.0,2.220446049250313e-16
11,3,13,14,False,30.62242358250001,30.62242358250001,0.0,0.0,2.220446049250313e-16
11,3,13,15,False,30.502156942500008,30.502156942500008,0.0,0.0,2.220446049250313e-16
11,3,13,16,False,30.380959702500007,30.380959702500007,0.0,0.0,2.220446049250313e-16
11,3,13,18,False,30.304514782500007,30.304514782500007,0.0,0.0,2.220446049250313e-16
11,3,13,19,False,30.28588190250001,30.28588190250001,0.0,0.0,2.220446049250313e-16
11,1,13,12,False,59.61765020250002,59.61765020250002,0.0,0.0,5.551115123125783e-17
11,1,13,14,False,59.418136402500025,59.418136402500025,0.0,0.0,5.551115123125783e-17
11,1,13,15,False,59.29786976250003,59.29786976250003,0.0,0.0,4.163336342344337e-17
11,1,13,16,False,59.17667252250003,59.17667252250003,0.0,0.0,1.3877787807814457e-17
11,1,13,18,False,59.10022760250003,59.10022760250003,0.0,0.0,0.0
11,1,13,19,False,59.08159472250003,59.08159472250003,0.0,0.0,0.0
11,2,13,12,False,23.5608159825,23.5608159825,0.0,0.0,5.551115123125783e-17
11,2,13,14,False,23.3613021825,23.3613021825,0.0,0.0,5.551115123125783e-17
11,2,13,15,False,23.2410355425,23.2410355425,0.0,0.0,4.163336342344337e-17
11,2,13,16,False,23.1198383025,23.1198383025,0.0,0.0,2.7755575615628914e-17
11,2,13,18,False,23.0433933825,23.0433933825,0.0,0.0,2.7755575615628914e-17
11,2,13,19,False,23.0247605025,23.0247605025,0.0,0.0,2.7755575615628914e-17
11,24,13,12,False,22.226515852500004,22.226515852500004,0.0,0.0,5.551115123125783e-17
11,24,13,14,False,22.027002052500002,22.027002052500002,0.0,0.0,5.551115123125783e-17
11,24,13,15,False,21.906735412500005,21.906735412500005,0.0,0.0,4.163336342344337e-17
11,24,13,16,False,21.785538172500004,21.785538172500004,0.0,0.0,2.7755575615628914e-17
11,24,13,18,False,21.709093252500004,21.709093252500004,0.0,0.0,2.7755575615628914e-17
11,24,13,19,False,21.690460372500002,21.690460372500002,0.0,0.0,2.7755575615628914e-17
11,25,13,12,False,21.006189202500007,21.006189202500007,0.0,0.0,5.551115123125783e-17
11,25,13,14,False,20.806675402500005,20.806675402500005,0.0,0.0,5.551115123125783e-17
11,25,13,15,False,20.686408762500005,20.686408762500005,0.0,0.0,4.163336342344337e-17
11,25,13,16,False,20.565211522500004,20.565211522500004,0.0,0.0,1.3877787807814457e-17
11,25,13,18,False,20.488766602500004,20.488766602500004,0.0,0.0,0.0
11,25,13,19,False,20.470133722500005,20.470133722500005,0.0,0.0,0.0
11,9,17,15,True,13.799071632500002,15.5671136225,1.7680419899999986,0.1281276043118619,0.5100000000000002
11,9,17,14,True,13.852386350000003,15.852241160000002,1.9998548099999987,0.14436897437530669,0.5550000000000002
11,9,17,12,True,13.969802210000003,16.2978638,2.3280615899999955,0.166649574203241,0.6150000000000002
11,9,17,10,True,14.140166150000002,16.8182894,2.6781232499999987,0.1893982872329968,0.675
11,9,17,9,True,14.140166150000002,19.093285,4.953118849999999,0.3502871746666144,0.8750000000000002
11,9,17,26,True,15.934168032500004,15.786072222500005,0.14809580999999916,0.0092942292122147,0.0900000000000003
11,7,17,15,True,14.056226632500001,17.2594902225,3.203263589999997,0.2278892958792792,0.5100000000000002
11,7,17,14,True,14.073541350000001,17.63525496,3.56171361,0.25307870431630913,0.5550000000000002
11,7,17,12,True,14.14295721,18.2017272,4.05876999,0.2869817061406495,0.6150000000000002
11,7,17,10,True,14.265321150000002,18.843002400000003,4.577681250000001,0.32089577247267237,0.675
11,7,17,7,True,14.265321150000002,25.029801600000003,10.76448045,0.7545908246166613,1.0750000000000006
11,7,17,26,True,16.671323032500002,16.269952822500002,0.4013702099999996,0.02407548634367808,0.0900000000000003
11,6,17,15,True,23.4520226925,33.6878721225,10.235849430000002,0.43645913037912265,0.5100000000000005
11,6,17,14,True,23.292937410000004,34.507759140000005,11.21482173,0.4814687616507015,0.5550000000000004
11,6,17,12,True,23.127153270000004,35.66639442,12.539241149999999,0.5421869697324835,0.6150000000000004
11,6,17,10,True,23.01431721,36.89983266,13.88551545,0.6033424899508456,0.675
11,6,17,6,True,23.01431721,85.91452914,62.90021193,2.733090508662542,2.0550000000000006
11,6,17,26,True,28.419119092500004,26.776704322500006,1.6424147699999985,0.05779259957545421,0.09000000000000047
11,5,17,15,True,24.4662844725,35.132700382500005,10.666415910000005,0.43596386374028356,0.5100000000000007
11,5,17,14,True,24.296399190000006,35.97977856000001,11.68337937,0.4808687607836426,0.5550000000000002
11,5,17,12,True,24.11621505,37.17466872000001,13.058453670000006,0.5414802299169249,0.6150000000000002
11,5,17,10,True,23.98897899,38.444361840000006,14.455382850000007,0.6025843307472923,0.6750000000000007
11,5,17,5,True,23.98897899,91.35788472000002,67.36890573000002,2.808327347240718,2.115
11,5,17,26,True,29.577380872499997,27.858983782500008,1.7183970899999892,0.05809835216334838,0.09000000000000041
11,3,17,15,True,26.6467726725,38.1743215425,11.527548870000004,0.43260581728520786,0.5100000000000007
11,3,17,14,True,26.455287390000002,39.07578204000001,12.620494650000005,0.4770499924627734,0.5550000000000006
11,3,17,12,True,26.24630325,40.34318196,14.096878710000002,0.5370995898250929,0.6150000000000002
11,3,17,10,True,26.09026719,41.68538484000001,15.595117650000013,0.5977369850768482,0.6750000000000007
11,3,17,3,True,26.09026719,102.83849868000003,76.74823149000002,2.94164221972462,2.2350000000000003
11,3,17,26,True,32.045869072500004,30.17550734250001,1.8703617299999955,0.05836514296955163,0.0900000000000003
11,1,17,15,True,53.36168549250003,72.20886452250002,18.847179029999992,0.3531968463149268,0.5100000000000002
11,1,17,14,True,52.98660021000002,73.57257474000004,20.585974530000016,0.3885128400088383,0.5550000000000006
11,1,17,12,True,52.53281607000002,75.45630762000003,22.923491550000016,0.43636517637764644,0.6150000000000002
11,1,17,10,True,52.13198001000003,77.41484346000003,25.28286345,0.4849780009343633,0.6750000000000003
11,1,17,1,True,52.13198001000003,232.3954847400001,180.26350473000005,3.4578296219599114,3.255000000000001
11,1,17,26,True,61.20878189250002,58.04672072250003,3.162061169999994,0.0516602531897052,0.0900000000000003
11,2,17,15,True,24.6794512725,17.5849998825,7.09445139,0.2874639031340724,0.5100000000000002
11,2,17,14,True,24.95506599,17.31044271,7.644623280000001,0.3063355265445243,0.5550000000000002
11,2,17,12,True,25.36888185,17.00981907,8.359062780000002,0.3295006389885489,0.6150000000000002
11,2,17,10,True,25.83564579,16.783998390000004,9.051647399999997,0.3503549891330197,0.675
11,2,17,2,True,25.36888185,31.163507482500002,5.794625632500001,0.2284147037603867,0.9750000000000001
11,2,17,26,True,23.850547672500003,25.266421282500005,1.415873610000002,0.05936440661413084,0.0900000000000003
11,24,17,15,True,23.161551142500002,16.7129494725,6.448601670000002,0.2784183852940324,0.5100000000000002
11,24,17,14,True,23.420965860000003,16.479179040000002,6.941786820000001,0.2963919960216363,0.5550000000000002
11,24,17,12,True,23.813181720000003,16.232937720000002,7.580244,0.31832134357894615,0.6150000000000002
11,24,17,10,True,24.258345660000003,16.061499360000006,8.196846299999997,0.33789799250473684,0.675
11,24,17,24,True,23.813181720000003,27.450484852500004,3.6373031325000014,0.15274326527501092,0.885
11,24,17,26,True,22.548647542500003,23.850547672500007,1.3019001300000035,0.05773739323150819,0.0900000000000003
11,25,17,15,True,21.757624492500003,15.954872542500002,5.802751950000001,0.26669970115534664,0.5100000000000002
11,25,17,14,True,22.000839210000006,15.761888850000004,6.238950360000002,0.2835778353929437,0.5550000000000002
11,25,17,12,True,22.371455070000003,15.570029850000003,6.8014252200000005,0.30402247858793385,0.6150000000000002
11,25,17,10,True,22.795019010000004,15.452973810000007,7.342045199999998,0.322089891514418,0.675
11,25,17,25,True,22.371455070000003,24.182889322500007,1.8114342525000033,0.08097078383288205,0.7949999999999999
11,25,17,26,True,21.360720892500005,22.54864754250001,1.187926650000005,0.055612666631354175,0.0900000000000003
11,9,23,22,True,15.1829717825,15.313224912499999,0.13025312999999983,0.008578895611867665,0.0900000000000003
11,9,23,21,True,15.292914762499999,15.462859512499998,0.1699447499999991,0.011112646126605199,0.15000000000000036
11,9,23,20,True,15.540618942500002,15.712540272500002,0.17192132999999998,0.011062708032164335,0.2100000000000002
11,9,23,19,True,15.926084322500003,16.062267192500006,0.1361828700000025,0.008550932372473157,0.27000000000000024
11,9,23,18,True,17.110298682499998,17.061859512500003,0.04843916999999465,0.0028309949989088774,0.3900000000000001
11,9,23,16,True,17.9090476625,17.711724912500003,0.19732274999999788,0.011018048179813306,0.4500000000000002
11,9,23,15,True,18.8455578425,18.461636472500004,0.38392136999999593,0.020371982257494477,0.5100000000000002
11,9,23,14,True,19.638346265,19.089725435000002,0.5486208299999973,0.0279362031098191,0.5550000000000002
11,9,23,12,True,20.815938544999995,20.014717774999994,0.8012207700000005,0.038490734792856814,0.6150000000000001
11,9,23,10,True,22.131292024999993,21.039756274999995,1.0915357499999985,0.0493209230065274,0.6750000000000002
11,9,23,9,True,54.41881468250003,25.179106875000002,29.239707807500025,0.5373087961966013,2.2350000000000003
11,9,23,8,True,34.0098384025,27.811026522500004,6.198811879999997,0.18226525532518656,0.9200000000000004
11,9,23,30,True,31.8008011825,26.2765507625,5.524250419999998,0.17371419003870872,0.8600000000000003
11,9,23,31,True,29.7295251625,24.842121162500003,4.8874039999999965,0.1643956293713306,0.8000000000000003
11,9,23,32,True,27.7960103425,23.507737722499996,4.288272620000004,0.1542765514604537,0.74
11,9,23,33,True,24.342264302499995,21.139109322499998,3.203154979999997,0.13158820971601345,0.6199999999999999
11,9,23,34,True,19.8105649025,18.080694522500004,1.7298703799999977,0.08732059830266102,0.4200000000000004
11,9,23,35,True,17.416299102500002,16.5163866725,0.8999124300000005,0.051670703672677724,0.27
11,9,23,36,True,15.510819582500002,15.376840362500003,0.13397921999999873,0.008637791142330098,0.06000000000000005
11,7,23,22,True,15.627201982499999,16.0107295125,0.3835275300000003,0.024542303249775015,0.0900000000000003
11,7,23,21,True,15.589861762499998,16.1819305125,0.592068750000001,0.037977806283322466,0.15000000000000036
11,7,23,20,True,15.6902827425,16.4531776725,0.7628949299999999,0.048622127626391294,0.20999999999999996
11,7,23,19,True,15.928464922500005,16.824470992500004,0.8960060699999985,0.05625187827951525,0.27
11,7,23,18,True,16.8181128825,17.8671961125,1.0490832300000008,0.06237817746434673,0.3900000000000001
11,7,23,16,True,17.469578662500002,18.5386279125,1.069049249999999,0.061194907481930745,0.4500000000000002
11,7,23,15,True,18.2588056425,19.3101058725,1.051300229999999,0.057577710754144085,0.5100000000000002
11,7,23,14,True,18.941131665,19.954369635,1.0132379699999987,0.053494056634023124,0.5550000000000002
11,7,23,12,True,19.971440744999995,20.900928374999992,0.929487629999997,0.04654084008599637,0.6150000000000002
11,7,23,10,True,21.139511024999997,21.947533274999994,0.8080222499999969,0.038223317892472256,0.6750000000000003
11,7,23,7,True,47.73622948250002,31.481634475000003,16.25459500750002,0.3405085651655607,2.2350000000000003
11,7,23,8,True,36.933335802500004,28.145496722500003,8.787839080000001,0.23793786532017386,0.9200000000000004
11,7,23,30,True,34.5770153825,26.6325873625,7.94442802,0.2297603749807974,0.8600000000000003
11,7,23,31,True,32.3584561625,25.2197241625,7.138731999999997,0.22061410977551602,0.8000000000000003
11,7,23,32,True,30.277658142499998,23.906907122499998,6.37075102,0.2104109568189336,0.74
11,7,23,33,True,26.529345702499995,21.581411522499995,4.947934180000001,0.18650796123983304,0.6199999999999999
11,7,23,34,True,21.506702302500003,18.5948847225,2.911817580000001,0.1353911696476834,0.4200000000000002
11,7,23,35,True,18.7442285025,17.0844928725,1.6597356300000001,0.08854648937824429,0.2700000000000001
11,7,23,36,True,16.3232577825,16.020428962500002,0.30282881999999844,0.018551984170994233,0.06000000000000011
11,6,23,22,True,27.564238612499995,27.564238612500002,7.105427357601002e-15,2.577770225214489e-16,6.661338147750939e-16
11,6,23,21,True,27.841114972499994,27.8411149725,7.105427357601002e-15,2.5521346270145336e-16,6.661338147750939e-16
11,6,23,20,True,28.218037492500002,28.218037492500002,0.0,0.0,2.220446049250313e-16
11,6,23,19,True,28.695006172500015,28.695006172500005,1.0658141036401503e-14,3.714284280801368e-16,6.106226635438361e-16
11,6,23,18,True,29.949082012500003,29.949082012500003,0.0,0.0,2.220446049250313e-16
11,6,23,16,True,30.726189172500003,30.726189172500003,0.0,0.0,2.220446049250313e-16
11,6,23,15,True,31.603342492500005,31.603342492500005,0.0,0.0,2.220446049250313e-16
11,6,23,14,True,32.326862775,32.326862775,0.0,0.0,2.220446049250313e-16
11,6,23,12,True,33.37909687499999,33.379096874999995,7.105427357601002e-15,2.1287056939286961e-16,6.661338147750939e-16
11,6,23,10,True,34.53137713499999,34.531377135,7.105427357601002e-15,2.0576727449422076e-16,6.661338147750939e-16
11,6,23,9,True,45.17424022250002,39.094866935,6.079373287500019,0.1345761048233868,2.0550000000000006
11,6,23,7,True,39.42741742250001,44.769980735000004,5.342563312499998,0.13550376011823595,2.0550000000000006
11,6,23,8,True,37.920137262500006,37.920137262500006,0.0,0.0,2.220446049250313e-16
11,6,23,30,True,36.512903262500004,36.512903262500004,0.0,0.0,2.220446049250313e-16
11,6,23,31,True,35.205715422500006,35.205715422500006,0.0,0.0,2.220446049250313e-16
11,6,23,32,True,33.9985737425,33.9985737425,0.0,0.0,6.661338147750939e-16
11,6,23,33,True,31.88442886249999,31.8844288625,7.105427357601002e-15,2.228494475545666e-16,6.661338147750939e-16
11,6,23,34,True,29.250153262500003,29.250153262500003,0.0,0.0,2.220446049250313e-16
11,6,23,35,True,28.003949812500004,28.003949812500004,0.0,0.0,2.220446049250313e-16
11,6,23,36,True,27.309749662500003,27.309749662500003,0.0,0.0,2.220446049250313e-16
11,5,23,22,True,28.710605272500004,28.710605272500004,0.0,0.0,4.996003610813204e-16
11,5,23,21,True,28.993951552500008,28.993951552500008,0.0,0.0,4.996003610813204e-16
11,5,23,20,True,29.377343992500005,29.377343992500005,0.0,0.0,1.1102230246251565e-16
11,5,23,19,True,29.86078259250001,29.86078259250001,0.0,0.0,5.551115123125783e-16
11,5,23,18,True,31.127798272500005,31.127798272500005,0.0,0.0,2.220446049250313e-16
11,5,23,16,True,31.911375352500006,31.911375352500006,0.0,0.0,1.1102230246251565e-16
11,5,23,15,True,32.79499859250001,32.79499859250001,0.0,0.0,1.1102230246251565e-16
11,5,23,14,True,33.523371315000006,33.523371315000006,0.0,0.0,1.1102230246251565e-16
11,5,23,12,True,34.58207533499999,34.582075335,7.105427357601002e-15,2.054656144482372e-16,4.996003610813204e-16
11,5,23,10,True,35.74082551499999,35.740825515000004,1.4210854715202004e-14,3.9760846344295773e-16,4.996003610813204e-16
11,5,23,9,True,48.11800384250002,40.32588171500001,7.792122127500015,0.1619377676805798,2.115
11,5,23,7,True,42.05926024250001,46.02256191500001,3.963301672500002,0.09423136901716517,2.115
11,5,23,8,True,38.957593602500005,38.957593602500005,0.0,0.0,1.1102230246251565e-16
11,5,23,30,True,37.5568295225,37.5568295225,0.0,0.0,1.6653345369377348e-16
11,5,23,31,True,36.256111602500006,36.256111602500006,0.0,0.0,2.220446049250313e-16
11,5,23,32,True,35.05543984250001,35.05543984250001,0.0,0.0,4.996003610813204e-16
11,5,23,33,True,32.9542348025,32.954234802500004,7.105427357601002e-15,2.15615000626929e-16,4.996003610813204e-16
11,5,23,34,True,30.341525602500006,30.341525602500006,0.0,0.0,1.1102230246251565e-16
11,5,23,35,True,29.111496952500005,29.111496952500005,0.0,0.0,1.1102230246251565e-16
11,5,23,36,True,28.439941522500007,28.439941522500007,0.0,0.0,1.1102230246251565e-16
11,3,23,22,True,31.155303232499996,31.155303232500007,1.0658141036401503e-14,3.420971690393739e-16,6.106226635438361e-16
11,3,23,21,True,31.451589352499997,31.451589352500008,1.0658141036401503e-14,3.388744815706529e-16,6.106226635438361e-16
11,3,23,20,True,31.847921632500007,31.847921632500007,0.0,0.0,2.220446049250313e-16
11,3,23,19,True,32.34430007250001,32.34430007250001,0.0,0.0,4.440892098500626e-16
11,3,23,18,True,33.6371954325,33.63719543250001,7.105427357601002e-15,2.1123721125500827e-16,4.440892098500626e-16
11,3,23,16,True,34.4337123525,34.43371235250001,7.105427357601002e-15,2.0635089486902577e-16,4.440892098500626e-16
11,3,23,15,True,35.33027543250001,35.33027543250001,0.0,0.0,2.220446049250313e-16
11,3,23,14,True,36.068353035,36.06835303500001,7.105427357601002e-15,1.9699894116889782e-16,4.440892098500626e-16
11,3,23,12,True,37.13999689499998,37.139996895,2.1316282072803006e-14,5.739440994857147e-16,8.881784197001252e-16
11,3,23,10,True,38.311686914999996,38.311686915,7.105427357601002e-15,1.8546370389185465e-16,6.661338147750939e-16
11,3,23,9,True,54.41881468250003,42.93987591500001,11.478938767500019,0.21093694955453357,2.2350000000000003
11,3,23,7,True,47.73622948250002,48.679688915000014,0.9434594324999921,0.019764012422595335,2.2350000000000003
11,3,23,8,True,41.18447092250001,41.18447092250001,0.0,0.0,2.220446049250313e-16
11,3,23,30,True,39.796646682500004,39.796646682500004,0.0,0.0,2.7755575615628914e-16
11,3,23,31,True,38.50886860250001,38.50886860250001,0.0,0.0,3.3306690738754696e-16
11,3,23,32,True,37.3211366825,37.321136682500004,7.105427357601002e-15,1.9038614547162922e-16,6.106226635438361e-16
11,3,23,33,True,35.245811322499996,35.2458113225,7.105427357601002e-15,2.0159636254606756e-16,6.106226635438361e-16
11,3,23,34,True,32.67623492250001,32.67623492250001,0.0,0.0,2.220446049250313e-16
11,3,23,35,True,31.478555872500007,31.478555872500007,0.0,0.0,2.220446049250313e-16
11,3,23,36,True,30.852289882500006,30.852289882500006,0.0,0.0,2.220446049250313e-16
11,1,23,22,True,60.115999012500026,60.115999012500026,0.0,0.0,4.440892098500626e-16
11,1,23,21,True,60.5222737725,60.52227377250003,2.842170943040401e-14,4.69607429774362e-16,8.881784197001252e-16
11,1,23,20,True,61.02859469250003,61.02859469250003,0.0,0.0,0.0
11,1,23,19,True,61.63496177250003,61.63496177250003,0.0,0.0,4.440892098500626e-16
11,1,23,18,True,63.14783441250001,63.147834412500025,1.4210854715202004e-14,2.2504104610100435e-16,4.440892098500626e-16
11,1,23,16,True,64.05433997250002,64.05433997250003,1.4210854715202004e-14,2.2185623521065156e-16,4.440892098500626e-16
11,1,23,15,True,65.06089169250002,65.06089169250002,0.0,0.0,5.551115123125783e-17
11,1,23,14,True,65.88146077500001,65.88146077500002,1.4210854715202004e-14,2.1570339436970387e-16,4.440892098500626e-16
11,1,23,12,True,67.063093275,67.06309327500003,2.842170943040401e-14,4.2380552465508097e-16,8.881784197001252e-16
11,1,23,10,True,68.34477193500001,68.34477193500003,1.4210854715202004e-14,2.079289214501642e-16,4.440892098500626e-16
11,1,23,9,True,130.22414062250004,73.33958973500003,56.88455088750001,0.4368203208374372,3.255000000000001
11,1,23,7,True,118.23890182250007,79.44603153500003,38.79287028750004,0.3280888919768199,3.255000000000001
11,1,23,8,True,68.29369126250002,68.29369126250003,1.4210854715202004e-14,2.0808444312344802e-16,4.440892098500626e-16
11,1,23,30,True,67.01585566250002,67.01585566250003,1.4210854715202004e-14,2.1205212669028048e-16,4.440892098500626e-16
11,1,23,31,True,65.8380662225,65.83806622250002,1.4210854715202004e-14,2.1584556671479937e-16,8.881784197001252e-16
11,1,23,32,True,64.7603229425,64.76032294250003,2.842170943040401e-14,4.3887535050804707e-16,8.881784197001252e-16
11,1,23,33,True,62.90497486249999,62.904974862500026,3.552713678800501e-14,5.647746758608764e-16,8.881784197001252e-16
11,1,23,34,True,60.70202726250001,60.702027262500025,1.4210854715202004e-14,2.3410840388820203e-16,4.440892098500626e-16
11,1,23,35,True,59.77931981250001,59.77931981250003,1.4210854715202004e-14,2.377219205533763e-16,4.440892098500626e-16
11,1,23,36,True,59.53801406250001,59.538014062500025,1.4210854715202004e-14,2.386854002265538e-16,4.440892098500626e-16
11,2,23,22,True,23.4744457725,23.474445772499994,7.105427357601002e-15,3.026877578479367e-16,4.440892098500626e-16
11,2,23,21,True,23.4909078525,23.490907852499994,7.105427357601002e-15,3.0247563875420047e-16,4.440892098500626e-16
11,2,23,20,True,23.6074160925,23.6074160925,0.0,0.0,2.220446049250313e-16
11,2,23,19,True,23.823970492500006,23.823970492500006,0.0,0.0,2.7755575615628914e-17
11,2,23,18,True,24.5572177725,24.5572177725,0.0,0.0,2.220446049250313e-16
11,2,23,16,True,25.0739106525,25.0739106525,0.0,0.0,1.1102230246251565e-16
11,2,23,15,True,25.6906496925,25.6906496925,0.0,0.0,5.551115123125783e-17
11,2,23,14,True,26.218859265,26.218859265,0.0,0.0,1.1102230246251565e-16
11,2,23,12,True,27.010679084999996,27.010679084999992,3.552713678800501e-15,1.3152996515268849e-16,4.440892098500626e-16
11,2,23,10,True,27.902545064999998,27.90254506499999,7.105427357601002e-15,2.546515861205008e-16,4.440892098500626e-16
11,2,23,9,True,41.05107570500001,31.597987265,9.453088440000009,0.23027626627695472,0.3600000000000003
11,2,23,7,True,47.85906510500001,36.405053465,11.454011640000012,0.23932794372122762,0.3600000000000003
11,2,23,8,True,38.21398480250001,38.2139848025,7.105427357601002e-15,1.8593788097011425e-16,4.440892098500626e-16
11,2,23,30,True,36.546336522500006,36.5463365225,7.105427357601002e-15,1.9442242461775877e-16,4.440892098500626e-16
11,2,23,31,True,34.97873440250001,34.9787344025,7.105427357601002e-15,2.0313563309177821e-16,4.440892098500626e-16
11,2,23,32,True,33.511178442500004,33.5111784425,7.105427357601002e-15,2.120315574635137e-16,4.440892098500626e-16
11,2,23,33,True,30.876205002499997,30.876205002499994,3.552713678800501e-15,1.150631587823971e-16,4.440892098500626e-16
11,2,23,34,True,27.3738818025,27.3738818025,0.0,0.0,2.7755575615628914e-17
11,2,23,35,True,25.4766426525,25.4766426525,0.0,0.0,5.551115123125783e-17
11,2,23,36,True,23.8709925225,23.8709925225,0.0,0.0,2.7755575615628914e-17
11,24,23,22,True,22.154702962500004,22.154702962499996,7.105427357601002e-15,3.2071869208212593e-16,4.440892098500626e-16
11,24,23,21,True,22.1808699225,22.180869922499998,3.552713678800501e-15,1.6017016876315893e-16,4.440892098500626e-16
11,24,23,20,True,22.307083042500004,22.307083042500004,0.0,0.0,2.7755575615628914e-17
11,24,23,19,True,22.533342322500005,22.53334232250001,3.552713678800501e-15,1.576647453339864e-16,4.440892098500626e-16
11,24,23,18,True,23.285999362500004,23.285999362500004,0.0,0.0,5.551115123125783e-17
11,24,23,16,True,23.812397122500002,23.812397122500002,0.0,0.0,5.551115123125783e-17
11,24,23,15,True,24.438841042500002,24.438841042500005,3.552713678800501e-15,1.4537161040583747e-16,5.551115123125783e-17
11,24,23,14,True,24.974329275000002,24.974329275000002,0.0,0.0,5.551115123125783e-17
11,24,23,12,True,25.775853974999993,25.775853974999993,0.0,0.0,5.551115123125783e-17
11,24,23,10,True,26.677424834999993,26.677424834999993,0.0,0.0,5.551115123125783e-17
11,24,23,9,True,37.20104913500001,30.405216635000002,6.79583250000001,0.18267851735413182,0.27000000000000046
11,24,23,7,True,43.541157335000015,35.24463243500001,8.296524900000009,0.19054442756694825,0.27000000000000046
11,24,23,8,True,36.73087651250001,36.730876512500004,7.105427357601002e-15,1.9344562483236493e-16,4.440892098500626e-16
11,24,23,30,True,35.07293311250001,35.0729331125,7.105427357601002e-15,2.0259005241476722e-16,4.440892098500626e-16
11,24,23,31,True,33.5150358725,33.5150358725,0.0,0.0,5.551115123125783e-17
11,24,23,32,True,32.0571847925,32.057184792499996,7.105427357601002e-15,2.2164851354206764e-16,4.440892098500626e-16
11,24,23,33,True,29.441621112499995,29.441621112499995,0.0,0.0,1.1102230246251565e-16
11,24,23,34,True,25.971647512500006,25.971647512500006,0.0,0.0,2.7755575615628914e-17
11,24,23,35,True,24.098670562500004,24.098670562500004,0.0,0.0,5.551115123125783e-17
11,24,23,36,True,22.526987512500003,22.526987512500003,0.0,0.0,2.7755575615628914e-17
11,25,23,22,True,20.948933632500005,20.948933632499998,7.105427357601002e-15,3.3917847477342234e-16,4.440892098500626e-16
11,25,23,21,True,20.984805472500003,20.9848054725,3.552713678800501e-15,1.6929933820240708e-16,4.440892098500626e-16
11,25,23,20,True,21.120723472500003,21.120723472500003,0.0,0.0,2.220446049250313e-16
11,25,23,19,True,21.356687632500005,21.35668763250001,3.552713678800501e-15,1.663513434262194e-16,4.440892098500626e-16
11,25,23,18,True,22.128754432500003,22.128754432500006,3.552713678800501e-15,1.6054738596505505e-16,2.220446049250313e-16
11,25,23,16,True,22.664857072500006,22.664857072500006,0.0,0.0,2.220446049250313e-16
11,25,23,15,True,23.301005872500006,23.301005872500006,0.0,0.0,2.220446049250313e-16
11,25,23,14,True,23.843772765000004,23.843772765000004,0.0,0.0,2.220446049250313e-16
11,25,23,12,True,24.655002344999996,24.655002344999996,0.0,0.0,4.440892098500626e-16
11,25,23,10,True,25.566278084999997,25.566278084999997,0.0,0.0,4.440892098500626e-16
11,25,23,9,True,33.66098526500001,29.326419485000002,4.3345657800000055,0.1287712093355448,0.18000000000000016
11,25,23,7,True,39.53321226500001,34.198184885,5.335027380000007,0.1349505156382972,0.18000000000000027
11,25,23,8,True,35.361741702500005,35.361741702500005,0.0,0.0,2.220446049250313e-16
11,25,23,30,True,33.713503182500006,33.713503182500006,0.0,0.0,2.220446049250313e-16
11,25,23,31,True,32.165310822500004,32.165310822500004,0.0,0.0,2.220446049250313e-16
11,25,23,32,True,30.717164622499997,30.7171646225,3.552713678800501e-15,1.1565890675333281e-16,4.440892098500626e-16
11,25,23,33,True,28.121010702499994,28.121010702499998,3.552713678800501e-15,1.263366283803114e-16,4.440892098500626e-16
11,25,23,34,True,24.683386702500005,24.683386702500005,0.0,0.0,2.220446049250313e-16
11,25,23,35,True,22.834671952500006,22.834671952500006,0.0,0.0,5.551115123125783e-17
11,25,23,36,True,21.296955982500005,21.296955982500005,0.0,0.0,0.0
11,9,29,28,True,18.349856562500005,18.34985656250001,3.552713678800501e-15,1.9360988826805714e-16,4.440892098500626e-16
11,9,29,27,True,23.773601322500006,23.773601322500006,0.0,0.0,4.440892098500626e-16
11,9,29,4,True,25.241604372500003,25.241604372500003,0.0,0.0,5.551115123125783e-17
11,9,29,3,True,21.450726922500003,38.450992985000006,17.000266062500003,0.7925263383343973,0.8750000000000002
11,9,29,5,True,19.914668842500003,35.515977905,15.601309062499997,0.7834079083055179,0.8750000000000002
11,9,29,6,True,19.2185861625,34.120416725,14.901830562499999,0.7753864117006166,0.8750000000000001
11,9,29,8,True,16.7564813225,16.7564813225,0.0,0.0,4.440892098500626e-16
11,9,29,30,True,16.3162079225,16.3162079225,0.0,0.0,4.440892098500626e-16
11,9,29,31,True,15.9238987625,15.9238987625,0.0,0.0,4.440892098500626e-16
11,9,29,32,True,15.579553842500003,15.579553842500003,0.0,0.0,1.1102230246251565e-16
11,7,29,28,True,18.751906762500006,18.751906762500006,0.0,0.0,2.220446049250313e-16
11,7,29,27,True,23.912546722500004,23.912546722500004,0.0,0.0,2.220446049250313e-16
11,7,29,4,True,25.3241701725,25.3241701725,0.0,0.0,2.220446049250313e-16
11,7,29,3,True,20.3890427225,40.51624138500001,20.127198662500007,0.9871576089390877,1.0750000000000002
11,7,29,5,True,19.0975734425,37.506053505000004,18.408480062500004,0.9639172284335099,1.0750000000000002
11,7,29,6,True,18.5237851625,36.072905925,17.5491207625,0.9473830865857192,1.0750000000000002
11,7,29,8,True,17.9979611225,17.9979611225,0.0,0.0,4.440892098500626e-16
11,7,29,30,True,17.5201013225,17.5201013225,0.0,0.0,4.440892098500626e-16
11,7,29,31,True,17.0902057625,17.0902057625,0.0,0.0,4.440892098500626e-16
11,7,29,32,True,16.708274442500002,16.708274442500002,0.0,0.0,5.551115123125783e-17
11,6,29,28,True,37.32555416250001,28.857689302500006,8.467864860000006,0.22686508077373554,0.42000000000000054
11,6,29,27,True,51.041894422500015,32.72911574250001,18.312778680000008,0.35877936912795044,0.8400000000000005
11,6,29,4,True,54.46603910250001,33.8644791525,20.60155995000001,0.37824597289385764,0.9300000000000004
11,6,29,6,True,54.46603910250001,53.775839565000005,0.690199537500007,0.012672108140654687,2.9850000000000003
11,6,29,8,True,18.4801573025,32.216948702500005,13.736791400000005,0.7433265407400882,0.9200000000000008
11,6,29,30,True,18.5125967225,31.5549155425,13.042318820000002,0.7045105025243982,0.8600000000000008
11,6,29,31,True,18.6211034225,30.940846622500004,12.319743200000005,0.6616011371868533,0.8000000000000007
11,6,29,32,True,18.805677402500002,30.374741942500005,11.569064540000003,0.6151899924892908,0.7400000000000004
11,5,29,28,True,38.737868662500006,29.91541964250001,8.822449019999997,0.22774740388700124,0.4200000000000006
11,5,29,27,True,52.72986164250002,33.70791464250001,19.02194700000001,0.36074335125257395,0.8400000000000005
11,5,29,4,True,56.213074762500014,34.82636417250001,21.386710590000007,0.3804579393736913,0.9300000000000003
11,5,29,5,True,56.213074762500014,56.92729846500001,0.7142237024999929,0.012705650874242065,3.045
11,5,29,8,True,19.013008362500003,33.52650792250001,14.513499560000007,0.7633457727092505,0.9200000000000004
11,5,29,30,True,19.0848267425,32.85319884250001,13.768372100000008,0.7214302904484441,0.8600000000000005
11,5,29,31,True,19.2327124025,32.22785400250001,12.99514160000001,0.6756790892537244,0.8000000000000005
11,5,29,32,True,19.456665342500003,31.65047340250001,12.193808060000006,0.6267162355598811,0.7400000000000004
11,3,29,28,True,41.71446230250001,32.18284496250001,9.531617339999997,0.22849670866856056,0.4200000000000005
11,3,29,27,True,56.25776072250002,35.81747708250001,20.440283640000004,0.36333269183650624,0.8400000000000005
11,3,29,4,True,59.85911072250001,36.90209885250001,22.957011870000002,0.3835174227099043,0.9300000000000002
11,3,29,3,True,59.85911072250001,63.59372914500001,3.7346184224999988,0.062390142075669355,3.165
11,3,29,8,True,20.2306751225,36.297591002500006,16.066915880000007,0.7941858481099736,0.9200000000000006
11,3,29,30,True,20.3812514225,35.60173008250001,15.220478660000012,0.7467882292643364,0.8600000000000005
11,3,29,31,True,20.6078950025,34.95383340250001,14.345938400000009,0.6961379800440396,0.8000000000000005
11,3,29,32,True,20.910605862500002,34.353900962500006,13.443295100000004,0.6428936200317616,0.7400000000000004
11,1,29,28,True,59.63672330250002,59.63672330250002,0.0,0.0,4.440892098500626e-16
11,1,29,27,True,61.92952094250001,61.92952094250003,1.4210854715202004e-14,2.294681841378431e-16,8.881784197001252e-16
11,1,29,4,True,62.72660675250001,62.726606752500025,1.4210854715202004e-14,2.265522630814972e-16,4.440892098500626e-16
11,1,29,3,True,63.63161210250003,99.52991830500004,35.89830620250001,0.5641583643154249,3.255000000000001
11,1,29,5,True,65.00616074250001,95.70034690500003,30.694186162500017,0.47217349574119116,3.2550000000000003
11,1,29,6,True,65.76538142250001,93.85750756500002,28.092126142500007,0.42715674318113167,3.2550000000000003
11,1,29,8,True,68.03256030250002,68.03256030250003,1.4210854715202004e-14,2.088831384856729e-16,4.440892098500626e-16
11,1,29,30,True,67.14500874250001,67.14500874250002,1.4210854715202004e-14,2.1164424551198428e-16,4.440892098500626e-16
11,1,29,31,True,66.3054214225,66.30542142250003,2.842170943040401e-14,4.286483491191479e-16,4.440892098500626e-16
11,1,29,32,True,65.51379834250002,65.51379834250002,0.0,0.0,5.551115123125783e-17
11,2,29,28,True,28.33550834250001,28.33550834250001,0.0,0.0,2.7755575615628914e-17
11,2,29,27,True,35.383925242500005,35.383925242500005,0.0,0.0,2.7755575615628914e-17
11,2,29,4,True,37.200072322500006,37.200072322500006,0.0,0.0,2.7755575615628914e-17
11,2,29,3,True,46.73000676,38.16639588,8.563610879999999,0.18325721466255568,0.3600000000000001
11,2,29,5,True,43.68361284000001,35.695572840000004,7.988040000000005,0.18286124889115293,0.3600000000000003
11,2,29,6,True,42.23236224000001,34.532107679999996,7.700254560000012,0.18233066188058938,0.36000000000000076
11,2,29,8,True,21.5586553225,21.558655322499998,3.552713678800501e-15,1.6479291614689253e-16,4.440892098500626e-16
11,2,29,30,True,21.350477942500003,21.3504779425,3.552713678800501e-15,1.6639972596250467e-16,4.440892098500626e-16
11,2,29,31,True,21.1902648025,21.1902648025,0.0,0.0,4.440892098500626e-16
11,2,29,32,True,21.078015902500002,21.078015902500002,0.0,0.0,2.220446049250313e-16
11,24,29,28,True,26.882811052500006,26.88281105250001,3.552713678800501e-15,1.3215558714683266e-16,4.440892098500626e-16
11,24,29,27,True,33.8128307925,33.81283079250001,7.105427357601002e-15,2.1013997323102126e-16,4.440892098500626e-16
11,24,29,4,True,35.603607052499996,35.6036070525,7.105427357601002e-15,1.9957043529672584e-16,4.440892098500626e-16
11,24,29,3,True,43.799079090000006,37.462137780000006,6.33694131,0.14468206733248007,0.27
11,24,29,5,True,40.86275013,34.957486980000006,5.905263149999996,0.1445145794449248,0.27000000000000024
11,24,29,6,True,39.46653201,33.77710794,5.689424070000001,0.1441581963309677,0.27000000000000046
11,24,29,8,True,20.483701352500002,20.483701352500002,0.0,0.0,4.440892098500626e-16
11,24,29,30,True,20.258610092500003,20.2586100925,3.552713678800501e-15,1.753680860917384e-16,4.440892098500626e-16
11,24,29,31,True,20.081483072500003,20.0814830725,3.552713678800501e-15,1.7691490543672346e-16,4.440892098500626e-16
11,24,29,32,True,19.9523202925,19.9523202925,0.0,0.0,5.551115123125783e-17
11,25,29,28,True,25.544087242500005,25.544087242500012,7.105427357601002e-15,2.7816329039853343e-16,4.440892098500626e-16
11,25,29,27,True,32.3557098225,32.35570982250001,7.105427357601002e-15,2.196035072814234e-16,4.440892098500626e-16
11,25,29,4,True,34.1211152625,34.121115262500005,7.105427357601002e-15,2.0824135738054416e-16,8.881784197001252e-16
11,25,29,3,True,41.03930280000001,36.87185316000001,4.167449640000001,0.10154776898402865,0.18000000000000016
11,25,29,5,True,38.21303880000001,34.333374600000006,3.8796642000000006,0.10152723577691497,0.18000000000000038
11,25,29,6,True,36.87185316000001,33.13608168,3.735771480000011,0.10131770333834803,0.1800000000000006
11,25,29,8,True,19.522720862500005,19.5227208625,3.552713678800501e-15,1.8197840884078255e-16,4.440892098500626e-16
11,25,29,30,True,19.280715722500002,19.280715722500002,0.0,0.0,4.440892098500626e-16
11,25,29,31,True,19.086674822500004,19.0866748225,3.552713678800501e-15,1.861358100266079e-16,4.440892098500626e-16
11,25,29,32,True,18.940598162500006,18.940598162500006,0.0,0.0,5.551115123125783e-17
13,12,17,12,True,51.629640990000006,15.731278080000001,35.89836291,0.6953052979189426,2.2350000000000003
13,12,17,10,True,14.706225630000004,15.842173680000004,1.1359480499999997,0.07724266433684517,0.675
13,12,17,9,True,15.802024030000002,16.75206928,0.9500452499999987,0.06012174441681308,0.875
13,12,17,7,True,17.96781443,18.493108880000005,0.5252944500000041,0.0292353002668452,1.0750000000000002
13,12,17,6,True,44.04692175,39.03838944,5.00853231,0.1137090200860631,2.055
13,12,17,5,True,46.47819555,40.944556080000005,5.533639469999997,0.11905882757533165,2.115
13,12,17,3,True,51.629640990000006,44.98129824000001,6.648342749999998,0.12876988145797286,2.2350000000000003
13,12,17,1,True,110.96926095000006,91.37428464000004,19.59497631000002,0.17658021818158293,3.2550000000000012
13,12,17,2,True,26.1316004625,24.413326942500003,1.7182735199999968,0.06575462235716466,0.3600000000000001
13,12,17,24,True,24.000554362500004,22.784399302500002,1.216155060000002,0.05067195705696699,0.2700000000000001
13,12,17,25,True,22.086181642500005,21.323778322500004,0.7624033200000007,0.034519471601778505,0.18
13,12,17,26,True,20.388482302500005,20.031464002500005,0.3570183,0.0175107835248837,0.09000000000000008
13,14,17,14,True,52.664008110000005,15.388112640000001,37.27589547,0.7078058964319873,2.2350000000000003
13,14,17,10,True,14.879360430000006,15.511844880000003,0.632484449999998,0.04250750245452571,0.675
13,14,17,9,True,16.085573230000005,16.38298048,0.29740724999999557,0.018489067548138317,0.875
13,14,17,7,True,18.361778030000004,18.085260080000005,0.2765179499999988,0.015059432128425459,1.0750000000000002
13,14,17,6,True,44.98191591,38.44061664,6.541299269999996,0.1454206460011142,2.055
13,14,17,5,True,47.44631403,40.33515528,7.111158750000001,0.14987800201936996,2.115
13,14,17,3,True,52.664008110000005,44.34864144000001,8.315366669999996,0.1578946792775738,2.2350000000000003
13,14,17,1,True,112.56674151000007,90.54395184000003,22.022789670000037,0.19564206420635888,3.2550000000000012
13,14,17,2,True,25.7333407425,24.2835811425,1.4497596000000001,0.05633779206932289,0.36000000000000015
13,14,17,24,True,23.651981122500004,22.637211502500005,1.0147696199999992,0.04290421232556516,0.2700000000000001
13,14,17,25,True,21.787294882500003,21.159148522500004,0.6281463599999988,0.02883085593634383,0.18000000000000005
13,14,17,26,True,20.139282022500005,19.849392202500006,0.2898898199999991,0.014394248001300564,0.09000000000000014
13,15,17,15,True,53.46915216000001,15.224458462500001,38.244693697500004,0.7152665069956105,2.2350000000000003
13,15,17,10,True,15.038580240000003,15.293466990000004,0.2548867500000007,0.016948857267925225,0.675
13,15,17,9,True,16.327603840000002,16.135532590000004,0.19207124999999792,0.011763590780507196,0.875
13,15,17,7,True,18.68661944,17.808742190000004,0.8778772499999974,0.04697892268950693,1.0750000000000002
13,15,17,6,True,45.71253024,38.02165575,7.690874489999999,0.16824434021965876,2.055
13,15,17,5,True,48.2017716,39.90747339,8.294298210000001,0.17207455109388553,2.115
13,15,17,3,True,53.46915216000001,43.903517550000004,9.565634610000004,0.17890006150417334,2.2350000000000003
13,15,17,1,True,113.79422064000006,89.95057095000004,23.84364969000002,0.20953304619425187,3.2550000000000012
13,15,17,2,True,25.464014662500002,24.2156405025,1.248374160000001,0.04902503303371245,0.3600000000000001
13,15,17,24,True,23.419919902500006,22.556189362500003,0.8637305400000024,0.03688016626853629,0.2700000000000001
13,15,17,25,True,21.592498522500005,21.065044882500004,0.527453640000001,0.024427633488101393,0.18
13,15,17,26,True,19.9817505225,19.742207062500007,0.23954345999999305,0.011988111838863193,0.09000000000000007
13,16,17,15,True,17.7786669225,15.004423222500002,2.7742436999999995,0.1560434037092524,0.4500000000000002
13,16,17,14,True,17.311897560000002,14.958420510000002,2.3534770500000004,0.13594564326892886,0.4500000000000002
13,16,17,12,True,16.754991,14.96253615,1.7924548500000004,0.10698035289902574,0.4500000000000002
13,16,17,10,True,15.041454750000003,15.041454750000003,0.0,0.0,1.1102230246251565e-16
13,16,17,9,True,15.844760350000003,15.844760350000003,0.0,0.0,1.1102230246251565e-16
13,16,17,7,True,17.47920995,17.479209950000005,3.552713678800501e-15,2.032536761651805e-16,2.220446049250313e-16
13,16,17,6,True,37.50219951,37.50219951,0.0,0.0,2.220446049250313e-16
13,16,17,5,True,39.37638915,39.37638915,0.0,0.0,1.1102230246251565e-16
13,16,17,3,True,43.34917731000001,43.34917731000001,0.0,0.0,2.220446049250313e-16
13,16,17,1,True,89.19855471000004,89.19855471000004,0.0,0.0,4.440892098500626e-16
13,16,17,2,True,24.1642112625,24.1642112625,0.0,0.0,2.220446049250313e-16
13,16,17,24,True,22.487318122500003,22.487318122500003,0.0,0.0,2.7755575615628914e-17
13,16,17,25,True,20.978731642500005,20.978731642500005,0.0,0.0,5.551115123125783e-17
13,16,17,26,True,19.638451822500006,19.638451822500006,0.0,0.0,1.1102230246251565e-16
13,18,17,15,True,17.065957222500003,14.8291403025,2.2368169200000025,0.13106893981024112,0.3900000000000001
13,18,17,14,True,16.646569080000003,14.774416590000001,1.8721524900000013,0.11246476562244266,0.3900000000000001
13,18,17,12,True,16.152837480000002,14.766904230000002,1.3859332500000008,0.08580122543274672,0.3900000000000001
13,18,17,10,True,14.834194830000003,14.834194830000003,0.0,0.0,5.551115123125783e-17
13,18,17,9,True,15.598740430000003,15.598740430000003,0.0,0.0,5.551115123125783e-17
13,18,17,7,True,17.194430030000007,17.194430030000003,3.552713678800501e-15,2.0662003175457975e-16,1.1102230246251565e-16
13,18,17,6,True,37.02749559,37.02749559,0.0,0.0,2.220446049250313e-16
13,18,17,5,True,38.890057230000004,38.890057230000004,0.0,0.0,1.1102230246251565e-16
13,18,17,3,True,42.83958939000001,42.83958939000001,0.0,0.0,2.220446049250313e-16
13,18,17,1,True,88.49129079000005,88.49129079000004,1.4210854715202004e-14,1.6059043311873465e-16,4.440892098500626e-16
13,18,17,2,True,24.1575343425,24.1575343425,0.0,0.0,2.220446049250313e-16
13,18,17,24,True,22.463199202500004,22.463199202500004,0.0,0.0,2.7755575615628914e-17
13,18,17,25,True,20.937170722500007,20.937170722500003,3.552713678800501e-15,1.696845159208927e-16,5.551115123125783e-17
13,18,17,26,True,19.579448902500005,19.579448902500005,0.0,0.0,1.1102230246251565e-16
13,19,17,15,True,15.929435662500001,14.612831422500001,1.3166042400000002,0.08265228397886441,0.27
13,19,17,14,True,15.604809960000003,14.540665710000003,1.06414425,0.06819334889227961,0.2700000000000001
13,19,17,12,True,15.237428280000001,14.509897350000001,0.7275309300000004,0.04774630709533356,0.27
13,19,17,10,True,14.553931950000004,14.553931950000004,0.0,0.0,5.551115123125783e-17
13,19,17,9,True,15.240957550000005,15.240957550000003,1.7763568394002505e-15,1.165515246383092e-16,2.220446049250313e-16
13,19,17,7,True,16.759127150000005,16.759127150000005,0.0,0.0,2.220446049250313e-16
13,19,17,6,True,36.21234471,36.21234471,0.0,0.0,2.220446049250313e-16
13,19,17,5,True,38.05165035,38.05165035,0.0,0.0,1.1102230246251565e-16
13,19,17,3,True,41.95467051000001,41.95467051000001,0.0,0.0,2.220446049250313e-16
13,19,17,1,True,87.21101991000003,87.21101991000003,0.0,0.0,4.440892098500626e-16
13,19,17,2,True,24.2784374625,24.2784374625,0.0,0.0,2.7755575615628914e-17
13,19,17,24,True,22.549218322500003,22.549218322500003,0.0,0.0,1.1102230246251565e-16
13,19,17,25,True,20.988305842500004,20.988305842500004,0.0,0.0,5.551115123125783e-17
13,19,17,26,True,19.5957000225,19.595700022500008,7.105427357601002e-15,3.6260135383999914e-16,4.440892098500626e-16
13,12,23,22,True,18.918677812499997,19.269459112499998,0.3507813000000013,0.018541533582660422,0.09000000000000008
13,12,23,21,True,19.031276092499997,19.635851992499997,0.6045759000000004,0.03176749142104331,0.15000000000000002
13,12,23,20,True,19.227968212500002,20.102291032500002,0.8743228199999997,0.04547140968496125,0.21000000000000002
13,12,23,12,True,27.039047905,25.867586924999994,1.1714609800000062,0.04332478658700783,0.875
13,12,23,10,True,23.603638904999993,27.109383704999996,3.505744800000002,0.14852560717904287,0.675
13,12,23,9,True,27.039047905,31.971261905000002,4.932214000000002,0.18241078670110822,0.8750000000000001
13,12,23,7,True,31.408832905000004,37.944764105000004,6.5359312,0.20809213827743148,1.0750000000000002
13,12,23,8,True,29.645525222500005,28.118496342500006,1.5270288799999996,0.051509591027283724,0.9200000000000002
13,12,23,30,True,28.342543862499994,26.800778862500003,1.541764999999991,0.054397551873948034,0.8600000000000001
13,12,23,31,True,27.123656342500002,25.583107542500002,1.5405487999999998,0.05679723930088721,0.8
13,12,23,32,True,25.988862662499997,24.4654823825,1.5233802799999978,0.05861665821175479,0.74
13,12,23,33,True,23.971556822499995,22.530370542499995,1.4411862800000002,0.06012067929802895,0.6199999999999999
13,12,23,34,True,21.356881222500004,20.194483342500003,1.1623978800000003,0.05442732334791399,0.4200000000000002
13,12,23,35,True,20.0090587725,19.172071192500002,0.8369875799999988,0.041830432381473916,0.2700000000000001
13,12,23,36,True,19.0050926625,18.7911788625,0.21391380000000026,0.011255604158252035,0.06000000000000011
13,14,23,22,True,18.740764012499998,19.0244168325,0.28365282000000036,0.015135605987611035,0.09000000000000008
13,14,23,21,True,18.867762292499997,19.3604573925,0.4926951000000024,0.026113064833122816,0.15000000000000008
13,14,23,20,True,19.078854412500004,19.7965441125,0.7176896999999975,0.037617022724896136,0.21000000000000008
13,14,23,14,True,27.049534105,24.245563545000003,2.8039705599999962,0.10366058613488997,0.875
13,14,23,10,True,23.566125104999994,26.568406304999993,3.0022811999999988,0.1273981694751764,0.675
13,14,23,9,True,27.049534105,31.329110105,4.279576000000002,0.15821255861146014,0.875
13,14,23,7,True,31.467319105000005,37.201437905000006,5.734118800000001,0.18222457340157958,1.0750000000000002
13,14,23,8,True,29.225211422500003,28.384384782500003,0.8408266399999995,0.02877059220699636,0.9200000000000002
13,14,23,30,True,27.936630062499994,27.036314982500002,0.9003150799999915,0.032227046640407285,0.8600000000000001
13,14,23,31,True,26.732142542500004,25.788291342500003,0.943851200000001,0.035307727336086975,0.8
13,14,23,32,True,25.611748862499997,24.640313862499998,0.9714349999999996,0.03792927242943364,0.74
13,14,23,33,True,23.623243022499995,22.644497382499996,0.9787456399999996,0.041431468112476846,0.6199999999999999
13,14,23,34,True,21.056567422500002,20.207435782500003,0.8491316399999995,0.04032621381074009,0.4200000000000002
13,14,23,35,True,19.7447449725,19.1091428325,0.6356021399999996,0.032190952118411796,0.2700000000000001
13,14,23,36,True,18.7911788625,18.6220173825,0.16916147999999964,0.009002174969319312,0.06000000000000011
13,15,23,22,True,18.6366973725,18.870003832499997,0.23330645999999788,0.012518659037961363,0.0900000000000001
13,15,23,21,True,18.7744956525,19.183280152499997,0.4087844999999959,0.021773394479737324,0.15000000000000002
13,15,23,20,True,18.996387772500004,19.5966026325,0.6002148599999977,0.03159626278364852,0.21000000000000002
13,15,23,15,True,27.086767465,23.163907432500004,3.9228600324999974,0.14482569902698417,0.875
13,15,23,10,True,23.567358464999995,26.192041964999994,2.6246834999999997,0.11136943938362591,0.675
13,15,23,9,True,27.086767465,30.876864965,3.790097499999998,0.1399243193155975,0.875
13,15,23,7,True,31.540552465000005,36.673311965,5.132759499999999,0.16273524395920874,1.0750000000000002
13,15,23,8,True,28.939344782500005,28.613169822500005,0.32617495999999946,0.011270986349257004,0.9200000000000002
13,15,23,30,True,27.661563422499995,27.242335782500003,0.4192276399999919,0.015155601785652902,0.8600000000000001
13,15,23,31,True,26.467875902500005,25.971547902500003,0.4963280000000019,0.018752090338806583,0.8
13,15,23,32,True,25.358282222499998,24.800806182499997,0.557476040000001,0.02198398279144324,0.74
13,15,23,33,True,23.391376382499995,22.759461222499997,0.6319151599999984,0.02701487717810222,0.6199999999999999
13,15,23,34,True,20.860700782500004,20.246518822500004,0.6141819599999998,0.029442057886916038,0.4200000000000002
13,15,23,35,True,19.575878332500004,19.0913152725,0.4845630600000028,0.02475306863731003,0.2700000000000001
13,15,23,36,True,18.660112222500004,18.5245149825,0.13559724000000273,0.007266689416610377,0.060000000000000095
13,16,23,22,True,18.537100132499997,18.703278112499998,0.1661779800000005,0.008964615760404212,0.0900000000000001
13,16,23,21,True,18.689298412499998,18.9862021125,0.29690370000000144,0.015886294576013767,0.15000000000000008
13,16,23,20,True,18.925590532500003,19.369172272500002,0.44358173999999906,0.02343819809681804,0.21000000000000008
13,16,23,16,True,27.175570225,21.901514512500004,5.274055712499997,0.19407341479253162,0.875
13,16,23,10,True,23.608161224999993,25.729381124999996,2.1212199000000034,0.08985112731921391,0.675
13,16,23,9,True,27.175570225,30.313029725,3.1374594999999985,0.11545146887529564,0.875
13,16,23,7,True,31.677355225000003,36.008302325,4.3309470999999995,0.13672060275353998,1.0750000000000002
13,16,23,8,True,28.597347542500003,28.957374822500004,0.3600272800000006,0.012589534028110312,0.9200000000000002
13,16,23,30,True,27.333966182499996,27.556188462500003,0.22222228000000754,0.008129895183022533,0.8600000000000001
13,16,23,31,True,26.154678662500004,26.255048262500004,0.1003696000000005,0.0038375390229476686,0.8
13,16,23,32,True,25.0594849825,25.0539542225,0.005530759999999191,0.00022070525407292022,0.74
13,16,23,33,True,23.121379142499997,22.951904622499995,0.1694745200000014,0.007329775570717837,0.6199999999999999
13,16,23,34,True,20.638703542500004,20.337787822500005,0.300915719999999,0.014580165821963666,0.4200000000000002
13,16,23,35,True,19.3898810925,19.1067034725,0.28317762,0.014604402092467345,0.27
13,16,23,36,True,18.5245149825,18.433670062500003,0.09084491999999855,0.00490403770818395,0.06000000000000005
13,18,23,22,True,18.482255212499997,18.581304712499996,0.09904949999999957,0.005359167420922204,0.09000000000000008
13,18,23,21,True,18.6488534925,18.8338763925,0.18502289999999988,0.009921408845557741,0.15000000000000008
13,18,23,20,True,18.899545612500003,19.186494232500003,0.28694862000000043,0.015182831687245168,0.21000000000000008
13,18,23,18,True,27.309125305000002,20.844624712500003,6.4645005924999985,0.23671576882458478,0.875
13,18,23,10,True,23.693716304999995,25.311472604999995,1.6177563,0.06827786233173606,0.675
13,18,23,9,True,27.309125305000002,29.793946805,2.484821499999999,0.09098868866170003,0.875
13,18,23,7,True,31.858910305000006,35.388045005,3.5291346999999966,0.11077386722313998,1.0750000000000002
13,18,23,8,True,28.300102622500003,29.346332142500003,1.0462295200000007,0.03696910693066518,0.9200000000000002
13,18,23,30,True,27.0511212625,27.9147934625,0.8636721999999999,0.03192740853952245,0.8600000000000001
13,18,23,31,True,25.886233742500004,26.583300942500003,0.6970671999999993,0.026928104216858508,0.8
13,18,23,32,True,24.805440062499997,25.351854582499996,0.546414519999999,0.022028011541954037,0.74
13,18,23,33,True,22.896134222499995,23.189100342499994,0.2929661199999991,0.01279544036355717,0.6199999999999999
13,18,23,34,True,20.461458622500004,20.473809142500002,0.012350519999998255,0.0006035991972936509,0.4200000000000002
13,18,23,35,True,19.248636172500003,19.166843992500002,0.08179218000000077,0.004249245466899884,0.27
13,18,23,36,True,18.433670062500003,18.3875774625,0.04609260000000148,0.002500457035615963,0.06000000000000005
13,19,23,22,True,18.506822332499997,18.4716148725,0.03520745999999875,0.0019024043872821219,0.09000000000000008
13,19,23,21,True,18.702220612499996,18.663481912499996,0.03873869999999968,0.002071342264784745,0.15000000000000008
13,19,23,20,True,18.981712732500004,18.955395112500003,0.026317620000000375,0.00138647235741483,0.21000000000000008
13,19,23,19,True,27.710492425,19.347354472500008,8.363137952499994,0.3018040179233658,0.875
13,19,23,10,True,23.999083424999995,24.609912524999995,0.6108291000000001,0.025452184534835012,0.675
13,19,23,9,True,27.710492425,28.890037925,1.1795454999999997,0.042566746267411366,0.875
13,19,23,7,True,32.356277425,34.281787325,1.9255099000000016,0.059509623888694345,1.0750000000000002
13,19,23,8,True,27.839869742500003,30.258503742500004,2.418634000000001,0.0868766277418225,0.9200000000000002
13,19,23,30,True,26.619688382499994,28.7662604225,2.146572040000006,0.08063851120853767,0.8600000000000001
13,19,23,31,True,25.4836008625,27.3740632625,1.8904624000000005,0.07418348804787166,0.8
13,19,23,32,True,24.4316071825,26.081912262499998,1.650305079999999,0.06754795407737597,0.74
13,19,23,33,True,22.579901342499998,23.797748742499994,1.2178473999999966,0.05393501864898579,0.6199999999999999
13,19,23,34,True,20.241225742500003,20.880108742500003,0.6388829999999999,0.031563454117235254,0.42000000000000015
13,19,23,35,True,19.1004032925,19.421381992500002,0.3209787000000013,0.01680481270916606,0.27
13,19,23,36,True,18.3862371825,18.429649222500004,0.043412040000003316,0.002361116065734366,0.06000000000000005
13,12,29,28,False,23.13203684250001,23.13203684250001,0.0,0.0,5.551115123125783e-17
13,12,29,27,False,29.70686510250001,29.70686510250001,0.0,0.0,5.551115123125783e-17
13,12,29,4,False,31.421528902500004,31.421528902500004,0.0,0.0,5.551115123125783e-17
13,12,29,3,False,35.95668114,35.95668114000001,7.105427357601002e-15,1.9761076752149328e-16,2.220446049250313e-16
13,12,29,5,False,33.350547060000004,33.350547060000004,0.0,0.0,2.220446049250313e-16
13,12,29,6,False,32.11942638,32.11942638,0.0,0.0,4.440892098500626e-16
13,12,29,8,False,17.8661571025,17.8661571025,0.0,0.0,5.551115123125783e-17
13,12,29,30,False,17.5903242025,17.5903242025,0.0,0.0,5.551115123125783e-17
13,12,29,31,False,17.3624555425,17.3624555425,0.0,0.0,5.551115123125783e-17
13,12,29,32,False,17.1825511225,17.1825511225,0.0,0.0,5.551115123125783e-17
13,14,29,28,False,22.93252304250001,22.93252304250001,0.0,0.0,5.551115123125783e-17
13,14,29,27,False,29.50735130250001,29.50735130250001,0.0,0.0,5.551115123125783e-17
13,14,29,4,False,31.222015102500002,31.222015102500002,0.0,0.0,5.551115123125783e-17
13,14,29,3,False,35.75716734,35.75716734,0.0,0.0,2.220446049250313e-16
13,14,29,5,False,33.151033260000005,33.151033260000005,0.0,0.0,2.220446049250313e-16
13,14,29,6,False,31.919912580000002,31.91991258,3.552713678800501e-15,1.1130085866922197e-16,4.440892098500626e-16
13,14,29,8,False,17.6666433025,17.6666433025,0.0,0.0,5.551115123125783e-17
13,14,29,30,False,17.3908104025,17.3908104025,0.0,0.0,5.551115123125783e-17
13,14,29,31,False,17.1629417425,17.1629417425,0.0,0.0,5.551115123125783e-17
13,14,29,32,False,16.983037322500003,16.983037322500003,0.0,0.0,5.551115123125783e-17
13,15,29,28,False,22.812256402500008,22.812256402500008,0.0,0.0,4.163336342344337e-17
13,15,29,27,False,29.38708466250001,29.38708466250001,0.0,0.0,4.163336342344337e-17
13,15,29,4,False,31.101748462500005,31.101748462500005,0.0,0.0,4.163336342344337e-17
13,15,29,3,False,35.636900700000005,35.636900700000005,0.0,0.0,2.220446049250313e-16
13,15,29,5,False,33.03076662,33.03076662,0.0,0.0,2.220446049250313e-16
13,15,29,6,False,31.79964594,31.799645939999998,3.552713678800501e-15,1.1172179984342621e-16,4.440892098500626e-16
13,15,29,8,False,17.546376662500002,17.546376662500002,0.0,0.0,5.551115123125783e-17
13,15,29,30,False,17.2705437625,17.2705437625,0.0,0.0,5.551115123125783e-17
13,15,29,31,False,17.0426751025,17.0426751025,0.0,0.0,5.551115123125783e-17
13,15,29,32,False,16.862770682500003,16.862770682500003,0.0,0.0,5.551115123125783e-17
13,16,29,28,False,22.69105916250001,22.69105916250001,0.0,0.0,1.3877787807814457e-17
13,16,29,27,False,29.265887422500008,29.265887422500008,0.0,0.0,2.7755575615628914e-17
13,16,29,4,False,30.980551222500004,30.980551222500004,0.0,0.0,2.7755575615628914e-17
13,16,29,3,False,35.515703460000005,35.515703460000005,0.0,0.0,2.220446049250313e-16
13,16,29,5,False,32.90956938,32.90956938,0.0,0.0,2.220446049250313e-16
13,16,29,6,False,31.6784487,31.6784487,0.0,0.0,4.440892098500626e-16
13,16,29,8,False,17.4251794225,17.4251794225,0.0,0.0,5.551115123125783e-17
13,16,29,30,False,17.1493465225,17.1493465225,0.0,0.0,5.551115123125783e-17
13,16,29,31,False,16.921477862499998,16.921477862499998,0.0,0.0,5.551115123125783e-17
13,16,29,32,False,16.741573442500002,16.741573442500002,0.0,0.0,5.551115123125783e-17
13,18,29,28,False,22.61461424250001,22.61461424250001,0.0,0.0,0.0
13,18,29,27,False,29.189442502500007,29.189442502500007,0.0,0.0,2.7755575615628914e-17
13,18,29,4,False,30.904106302500004,30.904106302500004,0.0,0.0,2.7755575615628914e-17
13,18,29,3,False,35.439258540000004,35.439258540000004,0.0,0.0,2.220446049250313e-16
13,18,29,5,False,32.83312446,32.83312446,0.0,0.0,2.220446049250313e-16
13,18,29,6,False,31.60200378,31.60200378,0.0,0.0,4.440892098500626e-16
13,18,29,8,False,17.3487345025,17.3487345025,0.0,0.0,5.551115123125783e-17
13,18,29,30,False,17.0729016025,17.0729016025,0.0,0.0,5.551115123125783e-17
13,18,29,31,False,16.8450329425,16.8450329425,0.0,0.0,5.551115123125783e-17
13,18,29,32,False,16.6651285225,16.6651285225,0.0,0.0,5.551115123125783e-17
13,19,29,28,False,22.59598136250001,22.59598136250001,0.0,0.0,0.0
13,19,29,27,False,29.17080962250001,29.17080962250001,0.0,0.0,2.7755575615628914e-17
13,19,29,4,False,30.885473422500002,30.885473422500002,0.0,0.0,2.7755575615628914e-17
13,19,29,3,False,35.420625660000006,35.420625660000006,0.0,0.0,2.220446049250313e-16
13,19,29,5,False,32.81449158,32.81449158,0.0,0.0,2.220446049250313e-16
13,19,29,6,False,31.583370900000002,31.5833709,3.552713678800501e-15,1.124868428404677e-16,4.440892098500626e-16
13,19,29,8,False,17.3301016225,17.3301016225,0.0,0.0,5.551115123125783e-17
13,19,29,30,False,17.0542687225,17.0542687225,0.0,0.0,5.551115123125783e-17
13,19,29,31,False,16.8264000625,16.8264000625,0.0,0.0,5.551115123125783e-17
13,19,29,32,False,16.646495642500003,16.646495642500003,0.0,0.0,5.551115123125783e-17
17,15,23,22,True,15.2929215525,15.001277452499997,0.29164410000000274,0.01907052874094724,0.0900000000000003
17,15,23,21,True,15.789219772500001,15.273427372499997,0.515792400000004,0.032667377326545094,0.15000000000000036
17,15,23,20,True,16.409339272500002,15.6456234525,0.7637158200000016,0.04654153389831446,0.21000000000000002
17,15,23,19,True,17.153280052500005,16.117865692500004,1.0354143600000008,0.06036247043311663,0.27
17,15,23,18,True,19.0126254525,17.3624886525,1.6501367999999985,0.08679163244038027,0.3900000000000001
17,15,23,16,True,20.128030072500003,18.134869372500003,1.9931607000000007,0.09902413166220196,0.4500000000000002
17,15,23,15,True,58.804802272500005,19.0072962525,39.79750602,0.6767730607371034,2.2350000000000003
17,15,23,8,True,25.523798362500006,25.4367378425,0.08706052000000497,0.0034109547005321808,0.9200000000000006
17,15,23,30,True,23.935771702500002,24.0247774025,0.08900569999999774,0.003718522264761634,0.8600000000000005
17,15,23,31,True,22.471566322500003,22.7128631225,0.2412967999999971,0.010737871874930006,0.8000000000000005
17,15,23,32,True,21.1311822225,21.500995002499995,0.36981277999999307,0.017500808809751536,0.7400000000000004
17,15,23,33,True,18.8218778625,19.377397242499995,0.5555193799999962,0.0295145566270405,0.6200000000000003
17,15,23,34,True,16.073670862500006,16.7273668425,0.6536959799999948,0.040668742416834755,0.4200000000000006
17,15,23,35,True,14.9153791125,15.4693472925,0.55396818,0.03714073747785202,0.27000000000000024
17,15,23,36,True,14.5938941025,14.7586046025,0.16471049999999998,0.011286261147515407,0.06000000000000011
17,14,23,22,True,15.12606117,14.918570399999997,0.20749077000000327,0.013717435601247358,0.0900000000000003
17,14,23,21,True,15.585392610000001,15.209855759999998,0.37553685000000314,0.024095437272401387,0.15000000000000036
17,14,23,20,True,16.16854533,15.601187280000001,0.5673580499999993,0.035090234676046723,0.21000000000000008
17,14,23,19,True,16.875519330000007,16.092564960000008,0.7829543699999988,0.04639586816200213,0.2700000000000001
17,14,23,18,True,18.66093117,17.3754588,1.2854723700000008,0.06888575700158915,0.3900000000000001
17,14,23,16,True,19.739369010000004,18.16697496,1.5723940500000033,0.0796577666288839,0.4500000000000002
17,14,23,14,True,57.27988203,19.7928643125,37.4870177175,0.654453472824305,2.2350000000000003
17,14,23,8,True,25.979212110000006,25.031917550000003,0.9472945600000031,0.03646356001825657,0.9200000000000005
17,14,23,30,True,24.35421867,23.63909255,0.7151261200000008,0.0293635418852877,0.8600000000000004
17,14,23,31,True,22.853046510000002,22.34631371,0.5067328000000018,0.02217353383402368,0.8000000000000004
17,14,23,32,True,21.47569563,21.153581029999998,0.3221146000000026,0.01499902985913209,0.7400000000000003
17,14,23,33,True,19.092457709999998,19.068254149999994,0.024203560000003677,0.0012677026901217988,0.6200000000000002
17,14,23,34,True,16.221028110000006,16.482008550000003,0.2609804399999973,0.016089019649692057,0.4200000000000005
17,14,23,35,True,14.970319410000002,15.271827600000002,0.30150818999999984,0.020140397926218984,0.27000000000000035
17,14,23,36,True,14.519450670000001,14.628058950000002,0.10860828000000033,0.007480192086358067,0.060000000000000164
17,12,23,22,True,14.969033249999999,14.873746919999997,0.0952863300000022,0.00636556338733513,0.0900000000000003
17,12,23,21,True,15.379075649999999,15.190546199999996,0.18852945000000254,0.012258828442657577,0.15000000000000036
17,12,23,20,True,15.91293933,15.607391640000001,0.30554768999999915,0.019201210013034035,0.21000000000000002
17,12,23,19,True,16.570624290000005,16.124283240000004,0.4463410500000009,0.02693568100927601,0.2700000000000001
17,12,23,18,True,18.25745805,17.45820492,0.7992531300000003,0.043776802214807786,0.3900000000000001
17,12,23,16,True,19.286606850000002,18.275235000000002,1.0113718499999997,0.05243907639461213,0.4500000000000002
17,12,23,12,True,55.33419543,21.03793073249999,34.29626469750001,0.6198023560473771,2.2350000000000003
17,12,23,8,True,26.651883030000004,24.55760975,2.094273280000003,0.07857881102219451,0.9200000000000006
17,12,23,30,True,24.977600550000002,23.19029867,1.7873018800000011,0.07155618797018519,0.8600000000000005
17,12,23,31,True,23.427139350000004,21.923033750000002,1.5041056000000026,0.06420355373008879,0.8000000000000005
17,12,23,32,True,22.00049943,20.755814989999998,1.2446844400000039,0.056575281118516126,0.7400000000000004
17,12,23,33,True,19.518683429999996,18.721515949999993,0.7971674800000024,0.040841252580323374,0.6200000000000003
17,12,23,34,True,16.482957030000005,16.220316750000002,0.26264028000000295,0.015934051124563472,0.4200000000000006
17,12,23,35,True,15.10902573,15.073920600000001,0.03510512999999982,0.002323454246973462,0.27000000000000024
17,12,23,36,True,14.48564535,14.519450670000001,0.033805320000000805,0.002333711697560013,0.06000000000000011
17,10,23,22,True,14.886808290000001,14.9037264,0.016918109999998876,0.001136449779592001,0.0900000000000003
17,10,23,21,True,15.247561650000002,15.2460396,0.00152205000000194,9.982251817961594e-05,0.15000000000000036
17,10,23,20,True,15.732136290000003,15.688398960000004,0.04373732999999902,0.0027801265634725195,0.21000000000000008
17,10,23,19,True,16.340532210000006,16.23080448000001,0.10972772999999592,0.006715064637420146,0.2700000000000001
17,10,23,18,True,17.92878789,17.615754000000003,0.31303388999999626,0.017459846807301165,0.39000000000000007
17,10,23,16,True,18.908647650000002,18.458298000000003,0.4503496499999997,0.023817126340074334,0.45000000000000007
17,10,23,10,True,53.488554990000004,22.508874112499996,30.97968087750001,0.579183357697583,2.2350000000000003
17,10,23,8,True,27.399356910000005,24.158104910000006,3.2412519999999994,0.11829664508720758,0.9200000000000006
17,10,23,30,True,25.67578539,22.816307750000004,2.859477639999998,0.11136865324920828,0.8600000000000005
17,10,23,31,True,24.076035150000003,21.574556750000003,2.5014784,0.10389910067895874,0.8000000000000005
17,10,23,32,True,22.60010619,20.43285191,2.1672542800000016,0.0958957564968858,0.7400000000000004
17,10,23,33,True,20.019712109999997,18.449580709999996,1.570131400000001,0.07842926968044203,0.6200000000000003
17,10,23,34,True,16.819688910000004,16.033427910000004,0.7862609999999997,0.04674646506289036,0.4200000000000006
17,10,23,35,True,15.322535010000005,14.950816560000003,0.37171845000000125,0.024259592146952526,0.27000000000000046
17,10,23,36,True,14.526642990000004,14.485645350000004,0.0409976400000005,0.0028222377343631883,0.060000000000000275
17,9,23,22,True,15.15296869,15.543901599999998,0.3909329099999983,0.025799097061289994,0.0900000000000003
17,9,23,21,True,15.34942525,15.971261199999999,0.6218359499999995,0.04051200223278715,0.15000000000000036
17,9,23,20,True,15.669703090000002,16.49866696,0.828963869999999,0.05290233422029689,0.2100000000000002
17,9,23,19,True,16.113802210000003,17.126118880000007,1.0123166700000041,0.06282295493063546,0.27000000000000024
17,9,23,18,True,17.37346429,18.681161200000002,1.3076969100000007,0.07526978432002755,0.39000000000000024
17,9,23,16,True,18.189027250000002,19.6087516,1.4197243499999992,0.07805389097979382,0.4500000000000002
17,9,23,9,True,48.058975790000005,29.0433523125,19.015623477500004,0.39567267435309617,2.2350000000000003
17,9,23,8,True,30.431180110000003,23.366665710000003,7.0645144,0.23214723761825218,0.9200000000000004
17,9,23,30,True,28.54331179,22.10991495,6.43339684,0.2253906935303109,0.8600000000000003
17,9,23,31,True,26.779264750000003,20.953210350000003,5.8260544,0.21755841522870786,0.8000000000000003
17,9,23,32,True,25.139038990000003,19.89655191,5.242487080000004,0.20853967735542317,0.7400000000000002
17,9,23,33,True,22.23005131,18.083373509999998,4.146677800000003,0.18653478312641836,0.6200000000000001
17,9,23,34,True,18.482372110000004,15.950708710000002,2.531663400000001,0.13697719020764812,0.4200000000000004
17,9,23,35,True,16.574476210000004,15.080713360000003,1.4937628500000013,0.09012428695024209,0.27000000000000024
17,9,23,36,True,15.203545390000004,14.913204550000001,0.2903408400000025,0.019096916709373038,0.060000000000000275
17,7,23,22,True,16.250273090000004,17.0152208,0.7649477099999977,0.04707291414509992,0.0900000000000003
17,7,23,21,True,16.282432850000003,17.5276268,1.2451939499999973,0.07647468664364841,0.15000000000000036
17,7,23,20,True,16.438413890000003,18.140078960000004,1.7016650700000007,0.10351759490830051,0.2100000000000004
17,7,23,19,True,16.718216210000005,18.85257728000001,2.134361070000004,0.1276667943032903,0.27000000000000046
17,7,23,18,True,17.64928469,20.577712400000003,2.928427710000001,0.16592330858934096,0.39000000000000057
17,7,23,16,True,18.30055085,21.590349200000006,3.289798350000005,0.17976499051666553,0.4500000000000006
17,7,23,7,True,43.741020590000005,38.087574512500005,5.6534460775,0.1292481519919652,2.2350000000000003
17,7,23,8,True,34.29414731,23.406370510000006,10.887776799999994,0.31748206775869225,0.9200000000000003
17,7,23,30,True,32.241982189999995,22.234666150000002,10.007316039999992,0.31038153861097934,0.8600000000000003
17,7,23,31,True,30.31363835,21.163007950000004,9.150630399999997,0.30186513061702464,0.8000000000000003
17,7,23,32,True,28.50911579,20.19139591,8.317719879999999,0.2917565013685049,0.74
17,7,23,33,True,25.27153451,18.548310309999998,6.723224200000001,0.26603941273687226,0.6199999999999999
17,7,23,34,True,20.976199310000005,16.699133510000006,4.277065799999999,0.20390089437989795,0.4200000000000002
17,7,23,35,True,18.657561410000007,16.041754160000004,2.615807250000003,0.1402009186794365,0.2700000000000001
17,7,23,36,True,16.711591790000007,16.171907750000003,0.5396840400000045,0.032293993701003644,0.06000000000000011
17,6,23,22,True,36.2388714,36.2388714,0.0,0.0,6.661338147750939e-16
17,6,23,21,True,37.16800476,37.16800476,0.0,0.0,6.661338147750939e-16
17,6,23,20,True,38.19718428,38.19718428,0.0,0.0,2.220446049250313e-16
17,6,23,19,True,39.326409960000014,39.32640996,1.4210854715202004e-14,3.613565217281786e-16,6.106226635438361e-16
17,6,23,18,True,41.884999799999996,41.8849998,7.105427357601002e-15,1.6964133679191287e-16,2.220446049250313e-16
17,6,23,16,True,43.31436396,43.31436396,0.0,0.0,2.220446049250313e-16
17,6,23,15,True,49.42837961250002,44.84377428,4.5846053325000184,0.09275249094632693,2.0550000000000006
17,6,23,14,True,48.07115691000002,46.056487312499996,2.014669597500024,0.041910154175651256,2.0550000000000006
17,6,23,12,True,46.349067030000015,47.760978412499995,1.41191138249998,0.030462563174920063,2.0550000000000006
17,6,23,10,True,44.727023310000014,49.5655156725,4.838492362499984,0.10817827801695445,2.0550000000000006
17,6,23,9,True,40.042766510000014,56.3031954725,16.260428962499986,0.40607656212862353,2.0550000000000006
17,6,23,7,True,36.47013371,64.15249927250001,27.68236556250001,0.7590420639151534,2.0550000000000006
17,6,23,8,True,35.61511055,35.61511055,0.0,0.0,2.220446049250313e-16
17,6,23,30,True,34.86013355,34.86013354999999,7.105427357601002e-15,2.0382673943029118e-16,2.220446049250313e-16
17,6,23,31,True,34.20520271,34.205202709999995,7.105427357601002e-15,2.077294327954299e-16,2.220446049250313e-16
17,6,23,32,True,33.650318029999994,33.650318029999994,0.0,0.0,6.661338147750939e-16
17,6,23,33,True,32.840687149999994,32.840687149999994,0.0,0.0,6.661338147750939e-16
17,6,23,34,True,32.38060155,32.38060155,0.0,0.0,2.220446049250313e-16
17,6,23,35,True,32.7650406,32.7650406,0.0,0.0,2.220446049250313e-16
17,6,23,36,True,34.35373995,34.35373995,0.0,0.0,2.220446049250313e-16
17,5,23,22,True,38.06412192,38.06412192,0.0,0.0,4.996003610813204e-16
17,5,23,21,True,39.0187692,39.0187692,0.0,0.0,4.996003610813204e-16
17,5,23,20,True,40.07346264,40.07346264,0.0,0.0,2.220446049250313e-16
17,5,23,19,True,41.22820224000001,41.22820224,7.105427357601002e-15,1.723438561846203e-16,5.551115123125783e-16
17,5,23,18,True,43.83781992,43.83781992,0.0,0.0,2.220446049250313e-16
17,5,23,16,True,45.292698,45.292698,0.0,0.0,1.1102230246251565e-16
17,5,23,15,True,52.43003255250002,46.84762224000001,5.582410312500016,0.10647352367958486,2.1150000000000007
17,5,23,14,True,51.01691067000002,48.0794707125,2.9374399575000254,0.05757777017312334,2.1150000000000007
17,5,23,12,True,49.22028855000002,49.8094757325,0.5891871824999768,0.011970413011729013,2.1150000000000007
17,5,23,10,True,47.52371259000002,51.639526912499996,4.115814322499979,0.08660548804358421,2.1150000000000007
17,5,23,9,True,42.591014990000005,58.4622531125,15.871238122499996,0.3726428714184535,2.115
17,5,23,7,True,38.76994139,66.3966033125,27.626661922500006,0.7125794089961095,2.1150000000000007
17,5,23,8,True,37.01087675,37.01087675,0.0,0.0,1.1102230246251565e-16
17,5,23,30,True,36.28141367,36.28141367,0.0,0.0,1.6653345369377348e-16
17,5,23,31,True,35.65199675,35.65199675,0.0,0.0,2.220446049250313e-16
17,5,23,32,True,35.122625989999996,35.122625989999996,0.0,0.0,4.996003610813204e-16
17,5,23,33,True,34.36402295,34.36402295,0.0,0.0,4.996003610813204e-16
17,5,23,34,True,33.98898375,33.98898375,0.0,0.0,2.220446049250313e-16
17,5,23,35,True,34.4372076,34.4372076,0.0,0.0,2.220446049250313e-16
17,5,23,36,True,36.11520567,36.11520567,0.0,0.0,2.220446049250313e-16
17,3,23,22,True,41.93903183999999,41.939031840000006,1.4210854715202004e-14,3.3884555965472203e-16,6.106226635438361e-16
17,3,23,21,True,42.94470695999999,42.944706960000005,1.4210854715202004e-14,3.309105061175159e-16,6.106226635438361e-16
17,3,23,20,True,44.050428239999995,44.05042824000001,1.4210854715202004e-14,3.226042352591214e-16,4.440892098500626e-16
17,3,23,19,True,45.25619568000001,45.25619568000001,0.0,0.0,4.440892098500626e-16
17,3,23,18,True,47.96786903999999,47.96786904000001,2.1316282072803006e-14,4.443866800717694e-16,4.440892098500626e-16
17,3,23,16,True,49.47377496000001,49.47377496000001,0.0,0.0,2.220446049250313e-16
17,3,23,15,True,58.804802272500005,51.07972704000001,7.7250752324999965,0.13136810148093328,2.2350000000000003
17,3,23,14,True,57.27988203,52.349846392500005,4.930035637499998,0.0860692351796032,2.2350000000000003
17,3,23,12,True,55.33419543,54.1308792525,1.2033161774999996,0.02174633909735334,2.2350000000000003
17,3,23,10,True,53.488554990000004,56.0119582725,2.5234032824999986,0.04717650874980196,2.2350000000000003
17,3,23,9,True,48.058975790000005,63.00477727250001,14.945801482500002,0.3109887640512282,2.2350000000000003
17,3,23,7,True,43.741020590000005,71.10922027250001,27.368199682500006,0.6256872682288733,2.2350000000000008
17,3,23,8,True,40.02681803,40.02681803,0.0,0.0,2.220446049250313e-16
17,3,23,30,True,39.34838279,39.34838279,0.0,0.0,2.7755575615628914e-16
17,3,23,31,True,38.76999371,38.76999371,0.0,0.0,3.3306690738754696e-16
17,3,23,32,True,38.29165079,38.291650790000006,7.105427357601002e-15,1.8556074786560547e-16,6.106226635438361e-16
17,3,23,33,True,37.63510342999999,37.63510343,1.4210854715202004e-14,3.775957396167041e-16,6.106226635438361e-16
17,3,23,34,True,37.430157030000004,37.430157030000004,0.0,0.0,2.220446049250313e-16
17,3,23,35,True,38.00595048,38.00595048,0.0,0.0,2.220446049250313e-16
17,3,23,36,True,39.86254599,39.86254599000001,7.105427357601002e-15,1.7824820721143812e-16,2.220446049250313e-16
17,1,23,22,True,86.95644420000004,86.95644420000004,0.0,0.0,4.440892098500626e-16
17,1,23,21,True,88.39585596,88.39585596000003,2.842170943040401e-14,3.2152762277979536e-16,8.881784197001252e-16
17,1,23,20,True,89.93531388000004,89.93531388000004,0.0,0.0,4.440892098500626e-16
17,1,23,19,True,91.57481796000005,91.57481796000003,1.4210854715202004e-14,1.5518299715768275e-16,4.440892098500626e-16
17,1,23,18,True,95.15396460000004,95.15396460000004,0.0,0.0,4.440892098500626e-16
17,1,23,16,True,97.09360716000003,97.09360716000005,1.4210854715202004e-14,1.4636241386916455e-16,4.440892098500626e-16
17,1,23,15,True,132.98748161250003,99.13329588000003,33.8541857325,0.2545667105054639,3.255000000000001
17,1,23,14,True,130.51227531000004,100.72871771250003,29.783557597500007,0.22820502919557903,3.2550000000000012
17,1,23,12,True,127.29954063000005,102.94348721250005,24.356053417500007,0.19132868270351117,3.2550000000000012
17,1,23,10,True,124.18685211000005,105.25830287250004,18.928549237500008,0.15241991334745977,3.255000000000001
17,1,23,9,True,114.53377931000003,113.69691067250004,0.8368686374999896,0.007306740793341847,3.2550000000000012
17,1,23,7,True,105.99233051000004,123.24714247250004,17.2548119625,0.16279302360345838,3.2550000000000012
17,1,23,8,True,77.74299695,77.74299695000003,2.842170943040401e-14,3.655854616549357e-16,8.881784197001252e-16
17,1,23,30,True,77.49829835,77.49829835000003,2.842170943040401e-14,3.667397870085493e-16,8.881784197001252e-16
17,1,23,31,True,77.35364590999998,77.35364591000003,4.263256414560601e-14,5.511383935956746e-16,1.1102230246251565e-15
17,1,23,32,True,77.30903963,77.30903963000003,2.842170943040401e-14,3.6763759537603775e-16,1.1102230246251565e-15
17,1,23,33,True,77.51996554999998,77.51996555000004,5.684341886080802e-14,7.332745629788019e-16,1.3322676295501878e-15
17,1,23,34,True,78.76080795,78.76080795000003,2.842170943040401e-14,3.608610699936834e-16,8.881784197001252e-16
17,1,23,35,True,80.42094300000002,80.42094300000004,1.4210854715202004e-14,1.7670589507016848e-16,4.440892098500626e-16
17,1,23,36,True,83.79561675000002,83.79561675000004,1.4210854715202004e-14,1.6958947575503106e-16,4.440892098500626e-16
17,2,23,22,True,24.8706827325,24.870682732499997,3.552713678800501e-15,1.4284745284285898e-16,4.440892098500626e-16
17,2,23,21,True,24.7728808125,24.772880812499995,3.552713678800501e-15,1.4341140643634222e-16,4.440892098500626e-16
17,2,23,20,True,24.7751250525,24.7751250525,0.0,0.0,2.220446049250313e-16
17,2,23,19,True,24.877415452500006,24.877415452500006,0.0,0.0,2.7755575615628914e-17
17,2,23,18,True,25.3821347325,25.3821347325,0.0,0.0,2.220446049250313e-16
17,2,23,16,True,25.7845636125,25.7845636125,0.0,0.0,2.220446049250313e-16
17,2,23,15,True,31.4028582525,26.2870386525,5.115819599999998,0.16290936190793157,0.36000000000000015
17,2,23,14,True,32.29557754499999,26.729550225,5.566027319999993,0.17234642459155297,0.36000000000000015
17,2,23,12,True,33.573410325,27.407106044999992,6.166304280000006,0.1836663067680184,0.3600000000000003
17,2,23,10,True,34.951289265,28.184708024999992,6.766581240000008,0.19360033298617169,0.3600000000000003
17,2,23,9,True,40.26677466500001,31.499270225,8.767504440000007,0.21773545343378958,0.3600000000000003
17,2,23,7,True,46.69388406500001,35.925456425,10.768427640000013,0.2306175178104668,0.3600000000000003
17,2,23,8,True,41.53366576250001,41.53366576250001,0.0,0.0,4.440892098500626e-16
17,2,23,30,True,39.75175348250001,39.7517534825,7.105427357601002e-15,1.7874500456260471e-16,4.440892098500626e-16
17,2,23,31,True,38.069887362500005,38.069887362500005,0.0,0.0,4.440892098500626e-16
17,2,23,32,True,36.4880674025,36.48806740249999,7.105427357601002e-15,1.9473290484861824e-16,4.440892098500626e-16
17,2,23,33,True,33.62456596249999,33.62456596249999,0.0,0.0,2.220446049250313e-16
17,2,23,34,True,29.7413627625,29.741362762500003,3.552713678800501e-15,1.1945362783712157e-16,2.220446049250313e-16
17,2,23,35,True,27.5584636125,27.558463612500002,3.552713678800501e-15,1.2891552042796237e-16,2.220446049250313e-16
17,2,23,36,True,25.5528894825,25.552889482500003,3.552713678800501e-15,1.3903373554813015e-16,2.220446049250313e-16
17,24,23,22,True,23.120380912500003,23.120380912499996,7.105427357601002e-15,3.0732310961881523e-16,4.440892098500626e-16
17,24,23,21,True,23.060849872500004,23.060849872499997,7.105427357601002e-15,3.0811645697733815e-16,4.440892098500626e-16
17,24,23,20,True,23.101364992500002,23.101364992500002,0.0,0.0,1.1102230246251565e-16
17,24,23,19,True,23.241926272500006,23.24192627250001,3.552713678800501e-15,1.5285797042580306e-16,4.440892098500626e-16
17,24,23,18,True,23.823187312500004,23.823187312500004,0.0,0.0,2.220446049250313e-16
17,24,23,16,True,24.263887072500005,24.263887072500005,0.0,0.0,5.551115123125783e-17
17,24,23,15,True,28.476060862500002,24.804632992500004,3.6714278699999987,0.12893032810008093,0.27000000000000013
17,24,23,14,True,29.284931385000004,25.275847725000002,4.009083660000002,0.13689919936276473,0.27000000000000013
17,24,23,12,True,30.450965805000003,25.991674424999992,4.4592913800000105,0.14644170593984251,0.27000000000000046
17,24,23,10,True,31.717046384999993,26.807547284999995,4.909499099999998,0.15479055144056092,0.27
17,24,23,9,True,36.659870585000014,30.249679085,6.410191500000014,0.17485581366517014,0.27000000000000046
17,24,23,7,True,42.71431878500002,34.80343488500001,7.910883900000009,0.18520449640831152,0.27000000000000046
17,24,23,8,True,39.13913746250001,39.13913746250001,0.0,0.0,4.440892098500626e-16
17,24,23,30,True,37.39549606250001,37.3954960625,7.105427357601002e-15,1.9000757058351432e-16,4.440892098500626e-16
17,24,23,31,True,35.751900822500005,35.751900822500005,0.0,0.0,5.551115123125783e-17
17,24,23,32,True,34.2083517425,34.2083517425,0.0,0.0,4.440892098500626e-16
17,24,23,33,True,31.421392062499994,31.421392062499994,0.0,0.0,1.1102230246251565e-16
17,24,23,34,True,27.665758462500005,27.665758462500005,0.0,0.0,2.7755575615628914e-17
17,24,23,35,True,25.578536512500005,25.578536512500005,0.0,0.0,2.220446049250313e-16
17,24,23,36,True,23.706910462500005,23.706910462500005,0.0,0.0,2.7755575615628914e-17
17,25,23,22,True,21.538385752500005,21.538385752499998,7.105427357601002e-15,3.2989600238617045e-16,4.440892098500626e-16
17,25,23,21,True,21.517125592500005,21.517125592499998,7.105427357601002e-15,3.302219586466356e-16,4.440892098500626e-16
17,25,23,20,True,21.595911592500006,21.595911592500006,0.0,0.0,1.1102230246251565e-16
17,25,23,19,True,21.774743752500004,21.77474375250001,7.105427357601002e-15,3.263150849609981e-16,4.440892098500626e-16
17,25,23,18,True,22.432546552500003,22.432546552500003,0.0,0.0,1.1102230246251565e-16
17,25,23,16,True,22.911517192500003,22.911517192500003,0.0,0.0,5.551115123125783e-17
17,25,23,15,True,25.827861352499998,23.490533992500005,2.3373273599999926,0.0904963569418322,0.18000000000000005
17,25,23,14,True,26.552883104999996,23.990451885000002,2.5624312199999935,0.09650293754795611,0.18000000000000005
17,25,23,12,True,27.607119164999997,24.744549464999995,2.8625697000000017,0.10368954771742848,0.18000000000000016
17,25,23,10,True,28.761401384999996,25.598693204999996,3.162708179999999,0.10996363277519065,0.18000000000000016
17,25,23,9,True,33.33156438500001,29.168394605000003,4.163169780000004,0.12490172174077521,0.18000000000000016
17,25,23,7,True,39.01335138500001,33.84972000500001,5.163631379999998,0.13235549361148527,0.18000000000000016
17,25,23,8,True,36.912915822500004,36.912915822500004,0.0,0.0,4.440892098500626e-16
17,25,23,30,True,35.2075453025,35.2075453025,0.0,0.0,1.1102230246251565e-16
17,25,23,31,True,33.602220942500004,33.602220942500004,0.0,0.0,4.440892098500626e-16
17,25,23,32,True,32.0969427425,32.0969427425,0.0,0.0,4.440892098500626e-16
17,25,23,33,True,29.386524822499997,29.386524822499997,0.0,0.0,4.440892098500626e-16
17,25,23,34,True,25.758460822500005,25.758460822500005,0.0,0.0,2.220446049250313e-16
17,25,23,35,True,23.766916072500003,23.766916072500003,0.0,0.0,5.551115123125783e-17
17,25,23,36,True,22.029238102500006,22.029238102500006,0.0,0.0,0.0
17,26,23,22,True,20.124697252500003,20.124697252500003,0.0,0.0,1.1102230246251565e-16
17,26,23,21,True,20.1417079725,20.1417079725,0.0,0.0,1.1102230246251565e-16
17,26,23,20,True,20.2587648525,20.258764852500008,7.105427357601002e-15,3.5073349285280674e-16,4.440892098500626e-16
17,26,23,19,True,20.475867892500005,20.475867892500013,7.105427357601002e-15,3.470147099456336e-16,4.440892098500626e-16
17,26,23,18,True,21.210212452500002,21.210212452500006,3.552713678800501e-15,1.6750014582629747e-16,4.440892098500626e-16
17,26,23,16,True,21.727453972500005,21.727453972500005,0.0,0.0,1.1102230246251565e-16
17,26,23,15,True,23.4582597225,22.344741652500005,1.1135180699999943,0.047468059573573695,0.09000000000000014
17,26,23,14,True,24.099432704999998,22.873362705000005,1.2260699999999929,0.05087547142740898,0.09000000000000014
17,26,23,12,True,25.041870405,23.665731164999997,1.376139240000004,0.05495353253346589,0.0900000000000003
17,26,23,10,True,26.084354264999998,24.558145784999997,1.526208480000001,0.05851049500764788,0.0900000000000003
17,26,23,9,True,30.281856064999996,28.255416785000005,2.026439279999991,0.06691925606046867,0.09000000000000014
17,26,23,7,True,35.59098186500001,33.06431178500001,2.5266700800000024,0.07099186219655032,0.0900000000000003
17,26,23,8,True,34.855000842500004,34.85500084250001,7.105427357601002e-15,2.038567547224698e-16,4.440892098500626e-16
17,26,23,30,True,33.1879012025,33.18790120250001,7.105427357601002e-15,2.1409691785709424e-16,4.440892098500626e-16
17,26,23,31,True,31.620847722500002,31.620847722500006,3.552713678800501e-15,1.1235352416793515e-16,4.440892098500626e-16
17,26,23,32,True,30.153840402499995,30.153840402500002,7.105427357601002e-15,2.356392175177761e-16,4.440892098500626e-16
17,26,23,33,True,27.51996424249999,27.5199642425,7.105427357601002e-15,2.58191736551309e-16,4.440892098500626e-16
17,26,23,34,True,24.0194698425,24.01946984250001,7.105427357601002e-15,2.9581949161212013e-16,4.440892098500626e-16
17,26,23,35,True,22.123602292500006,22.123602292500006,0.0,0.0,5.551115123125783e-17
17,26,23,36,True,20.519872402500006,20.519872402500006,0.0,0.0,0.0
17,15,29,28,True,18.334302382500006,18.334302382500006,0.0,0.0,2.220446049250313e-16
17,15,29,27,True,24.238213402500005,24.238213402500005,0.0,0.0,4.440892098500626e-16
17,15,29,4,True,25.809109222500002,25.809109222500002,0.0,0.0,4.440892098500626e-16
17,15,29,3,True,24.834359159999998,35.400102090000004,10.565742930000006,0.42544858363077676,0.5100000000000002
17,15,29,5,True,22.851926520000003,32.60227737,9.75035085,0.426675223266909,0.5100000000000001
17,15,29,6,True,21.93265656,31.275311369999997,9.342654809999996,0.4259700499317897,0.51
17,15,29,8,True,15.2089681225,15.208968122499998,1.7763568394002505e-15,1.1679667056256928e-16,4.440892098500626e-16
17,15,29,30,True,14.8372899025,14.837289902499998,1.7763568394002505e-15,1.1972245949719862e-16,4.440892098500626e-16
17,15,29,31,True,14.5135759225,14.513575922499998,1.7763568394002505e-15,1.2239277548728796e-16,4.440892098500626e-16
17,15,29,32,True,14.237826182500001,14.237826182500001,0.0,0.0,1.1102230246251565e-16
17,14,29,28,True,18.163693590000005,18.163693590000005,0.0,0.0,4.440892098500626e-16
17,14,29,27,True,24.008406030000007,24.008406030000007,0.0,0.0,4.440892098500626e-16
17,14,29,4,True,25.56661644,25.566616440000004,3.552713678800501e-15,1.3895908702420775e-16,4.440892098500626e-16
17,14,29,3,True,24.19384779,35.603712892500006,11.409865102500007,0.47160192134531104,0.5550000000000002
17,14,29,5,True,22.266447630000005,32.7889742925,10.522526662499995,0.4725732113784866,0.555
17,14,29,6,True,21.374693910000005,31.4535513525,10.078857442499995,0.4715322467277377,0.5549999999999999
17,14,29,8,True,15.22723099,15.22723099,0.0,0.0,4.440892098500626e-16
17,14,29,30,True,14.84709583,14.847095829999999,1.7763568394002505e-15,1.1964338748396496e-16,4.440892098500626e-16
17,14,29,31,True,14.514924910000001,14.51492491,1.7763568394002505e-15,1.2238140055250553e-16,4.440892098500626e-16
17,14,29,32,True,14.230718230000003,14.23071823,1.7763568394002505e-15,1.2482552255552951e-16,1.1102230246251565e-16
17,12,29,28,True,18.001667790000006,18.001667790000006,0.0,0.0,4.440892098500626e-16
17,12,29,27,True,23.767448790000003,23.767448790000003,0.0,0.0,4.440892098500626e-16
17,12,29,4,True,25.30874532,25.30874532,0.0,0.0,4.440892098500626e-16
17,12,29,3,True,23.42752107,35.940646552500006,12.513125482500005,0.5341207652790729,0.6150000000000002
17,12,29,5,True,21.573497550000003,33.1033561125,11.5298585625,0.5344454943282944,0.6150000000000001
17,12,29,6,True,20.71843215,31.7566572525,11.038225102499997,0.5327731858561506,0.615
17,12,29,8,True,15.31703407,15.317034069999998,1.7763568394002505e-15,1.1597263747551685e-16,4.440892098500626e-16
17,12,29,30,True,14.92562299,14.925622989999997,3.552713678800501e-15,2.380278318151798e-16,4.440892098500626e-16
17,12,29,31,True,14.58217615,14.582176149999999,1.7763568394002505e-15,1.2181699227383496e-16,4.440892098500626e-16
17,12,29,32,True,14.28669355,14.28669355,0.0,0.0,1.1102230246251565e-16
17,10,29,28,True,17.914444950000004,17.91444495000001,7.105427357601002e-15,3.9663117542477925e-16,4.440892098500626e-16
17,10,29,27,True,23.601294510000006,23.60129451000001,3.552713678800501e-15,1.505304582888534e-16,4.440892098500626e-16
17,10,29,4,True,25.12567716,25.125677160000006,7.105427357601002e-15,2.8279545710763253e-16,8.881784197001252e-16
17,10,29,3,True,22.76140971,36.352383172500005,13.590973462500006,0.5971059629285153,0.6750000000000003
17,10,29,5,True,20.980762830000003,33.4925408925,12.5117780625,0.5963452408226855,0.675
17,10,29,6,True,20.162385750000002,32.134566112499996,11.972180362499994,0.5937878835841633,0.675
17,10,29,8,True,15.48164011,15.48164011,0.0,0.0,4.440892098500626e-16
17,10,29,30,True,15.07895311,15.07895311,0.0,0.0,4.440892098500626e-16
17,10,29,31,True,14.724230350000001,14.724230350000001,0.0,0.0,4.440892098500626e-16
17,10,29,32,True,14.417471830000002,14.417471830000004,1.7763568394002505e-15,1.2320862217354859e-16,8.881784197001252e-16
17,9,29,28,True,18.163945750000003,18.163945750000007,3.552713678800501e-15,1.9559151561551544e-16,4.440892098500626e-16
17,9,29,27,True,23.587690510000005,23.58769051000001,3.552713678800501e-15,1.5061727545112258e-16,4.440892098500626e-16
17,9,29,4,True,25.05569356,25.05569356,0.0,0.0,5.551115123125783e-17
17,9,29,3,True,21.26481611,38.26508217250001,17.000266062500007,0.7994551175312282,0.8750000000000002
17,9,29,5,True,19.72875803,35.3300670925,15.6013090625,0.7907902280912105,0.8750000000000002
17,9,29,6,True,19.03267535,33.9345059125,14.901830562499999,0.7829603714908108,0.8750000000000001
17,9,29,8,True,16.570570510000003,16.57057051,3.552713678800501e-15,2.1439899589796924e-16,4.440892098500626e-16
17,9,29,30,True,16.13029711,16.13029711,0.0,0.0,4.440892098500626e-16
17,9,29,31,True,15.737987949999999,15.737987949999999,0.0,0.0,4.440892098500626e-16
17,9,29,32,True,15.393643030000003,15.393643030000003,0.0,0.0,1.1102230246251565e-16
17,7,29,28,True,19.24459055000001,19.24459055000001,0.0,0.0,2.220446049250313e-16
17,7,29,27,True,24.40523051000001,24.40523051000001,0.0,0.0,2.220446049250313e-16
17,7,29,4,True,25.816853960000003,25.816853960000007,3.552713678800501e-15,1.3761218482720582e-16,2.220446049250313e-16
17,7,29,3,True,20.881726510000004,41.00892517250001,20.127198662500003,0.9638665966083472,1.0750000000000002
17,7,29,5,True,19.590257230000002,37.9987372925,18.4084800625,0.9396752603283708,1.0750000000000002
17,7,29,6,True,19.016468950000004,36.5655897125,17.549120762499996,0.9228380310057506,1.0750000000000002
17,7,29,8,True,18.490644910000004,18.490644910000004,0.0,0.0,4.440892098500626e-16
17,7,29,30,True,18.012785110000003,18.012785110000003,0.0,0.0,4.440892098500626e-16
17,7,29,31,True,17.582889550000004,17.58288955,3.552713678800501e-15,2.0205516668336804e-16,4.440892098500626e-16
17,7,29,32,True,17.200958230000005,17.200958230000005,0.0,0.0,1.1102230246251565e-16
17,6,29,28,True,50.08113615000001,36.55393659,13.527199560000014,0.2701056844933421,0.42000000000000054
17,6,29,27,True,70.04006703000002,40.42536303,29.614704000000017,0.4228251807257017,0.8400000000000007
17,6,29,4,True,74.95585371000001,41.56072644,33.39512727000001,0.44553061058051424,0.9300000000000006
17,6,29,6,True,74.95585371000001,61.4720868525,13.483766857500015,0.17988944412090818,2.9850000000000003
17,6,29,8,True,19.228740310000006,39.91319599,20.684455679999992,1.0757051864309037,0.9200000000000008
17,6,29,30,True,19.541227030000005,39.25116283,19.709935799999993,1.008633478836359,0.8600000000000008
17,6,29,31,True,19.953929110000008,38.63709391,18.68316479999999,0.9363150834607722,0.8000000000000007
17,6,29,32,True,20.466846550000003,38.07098923,17.60414268,0.8601297047394922,0.7400000000000004
17,5,29,28,True,52.31280507,38.26198479000001,14.050820279999996,0.26859236971136474,0.4200000000000006
17,5,29,27,True,72.71642523000003,42.05447979,30.661945440000025,0.42166464238330126,0.8400000000000007
17,5,29,4,True,77.72750247000003,43.17292932,34.55457315000003,0.4445604458130741,0.9300000000000006
17,5,29,5,True,77.72750247000003,65.27386361250001,12.453638857500025,0.16022178073078666,3.045
17,5,29,8,True,20.041638670000008,41.873073070000004,21.831434399999996,1.0893038617984419,0.9200000000000004
17,5,29,30,True,20.417652430000008,41.19976399,20.782111559999993,1.0178501975802312,0.8600000000000003
17,5,29,31,True,20.89388155,40.574419150000004,19.680537600000005,0.9419282651193169,0.8000000000000003
17,5,29,32,True,21.470326030000003,39.997038550000006,18.526712520000004,0.8628985183603195,0.7400000000000002
17,3,29,28,True,57.00055179,41.902490070000006,15.098061719999997,0.2648757116531765,0.4200000000000005
17,3,29,27,True,78.29355051000005,45.537122190000005,32.75642832000004,0.4183796507710584,0.8400000000000007
17,3,29,4,True,83.49520887000003,46.62174396,36.873464910000024,0.4416237219959662,0.9300000000000006
17,3,29,3,True,83.49520887000003,73.31337425250001,10.181834617500016,0.12194513619760962,3.165
17,3,29,8,True,21.89184427,46.017236110000006,24.125391840000006,1.1020264689650108,0.9200000000000006
17,3,29,30,True,22.394912110000003,45.321375190000005,22.92646308,1.023735345215427,0.8600000000000005
17,3,29,31,True,22.998195310000003,44.67347851,21.6752832,0.9424775686888449,0.8000000000000005
17,3,29,32,True,23.701693870000007,44.073546070000006,20.3718522,0.8595103924528071,0.7400000000000004
17,1,29,28,True,84.92746299000004,84.92746299000004,0.0,0.0,4.440892098500626e-16
17,1,29,27,True,87.22026063000003,87.22026063000004,1.4210854715202004e-14,1.629306609789478e-16,4.440892098500626e-16
17,1,29,4,True,88.01734644000003,88.01734644000004,1.4210854715202004e-14,1.6145515957913262e-16,4.440892098500626e-16
17,1,29,3,True,88.92235179000004,124.82065799250005,35.89830620250001,0.4037039673363321,3.255000000000001
17,1,29,5,True,90.29690043000002,120.99108659250004,30.694186162500017,0.33992513603824936,3.2550000000000003
17,1,29,6,True,91.05612111000003,119.14824725250004,28.092126142500007,0.30851441726321077,3.2550000000000003
17,1,29,8,True,93.32329999000002,93.32329999000004,1.4210854715202004e-14,1.522755272983784e-16,4.440892098500626e-16
17,1,29,30,True,92.43574843000003,92.43574843000003,0.0,0.0,4.440892098500626e-16
17,1,29,31,True,91.59616111000003,91.59616111000004,1.4210854715202004e-14,1.55146837410968e-16,4.440892098500626e-16
17,1,29,32,True,90.80453803000005,90.80453803000003,1.4210854715202004e-14,1.5649938894581474e-16,4.440892098500626e-16
17,2,29,28,True,29.903141302500007,29.903141302500007,0.0,0.0,2.7755575615628914e-17
17,2,29,27,True,36.95155820250001,36.95155820250001,0.0,0.0,2.7755575615628914e-17
17,2,29,4,True,38.7677052825,38.7677052825,0.0,0.0,2.7755575615628914e-17
17,2,29,3,True,48.29763972000001,39.73402884000001,8.563610879999999,0.17730909687609053,0.3600000000000001
17,2,29,5,True,45.251245800000014,37.2632058,7.988040000000012,0.17652641068281946,0.3600000000000003
17,2,29,6,True,43.79999520000001,36.09974064,7.700254560000012,0.17580491789642957,0.36000000000000076
17,2,29,8,True,23.126288282500003,23.1262882825,3.552713678800501e-15,1.536223035621713e-16,4.440892098500626e-16
17,2,29,30,True,22.918110902500004,22.9181109025,3.552713678800501e-15,1.5501773658024125e-16,4.440892098500626e-16
17,2,29,31,True,22.7578977625,22.7578977625,0.0,0.0,4.440892098500626e-16
17,2,29,32,True,22.645648862500003,22.645648862500003,0.0,0.0,2.220446049250313e-16
17,24,29,28,True,27.977036002500004,27.977036002500007,3.552713678800501e-15,1.26986778673875e-16,4.440892098500626e-16
17,24,29,27,True,34.907055742500006,34.907055742500006,0.0,0.0,4.440892098500626e-16
17,24,29,4,True,36.6978320025,36.69783200250001,7.105427357601002e-15,1.9361981266677968e-16,4.440892098500626e-16
17,24,29,3,True,44.893304040000004,38.556362730000004,6.33694131,0.14115560094115095,0.27
17,24,29,5,True,41.95697508000001,36.05171193,5.905263150000003,0.14074568385209724,0.27000000000000024
17,24,29,6,True,40.560756960000006,34.87133289,5.689424070000008,0.14026917879295928,0.27000000000000046
17,24,29,8,True,21.577926302500003,21.5779263025,3.552713678800501e-15,1.6464574162480507e-16,4.440892098500626e-16
17,24,29,30,True,21.3528350425,21.3528350425,0.0,0.0,4.440892098500626e-16
17,24,29,31,True,21.1757080225,21.1757080225,0.0,0.0,4.440892098500626e-16
17,24,29,32,True,21.046545242500002,21.046545242500002,0.0,0.0,5.551115123125783e-17
17,25,29,28,True,26.219237362500007,26.21923736250001,3.552713678800501e-15,1.3550026759671354e-16,4.440892098500626e-16
17,25,29,27,True,33.03085994250001,33.03085994250001,0.0,0.0,4.440892098500626e-16
17,25,29,4,True,34.7962653825,34.7962653825,0.0,0.0,8.881784197001252e-16
17,25,29,3,True,41.71445292,37.547003280000006,4.167449639999994,0.09990421420586124,0.18000000000000016
17,25,29,5,True,38.888188920000005,35.008524720000004,3.8796642000000006,0.09976458939708319,0.18000000000000027
17,25,29,6,True,37.547003280000006,33.8112318,3.735771480000004,0.0994958626162829,0.1800000000000006
17,25,29,8,True,20.197870982500003,20.1978709825,3.552713678800501e-15,1.7589545362868546e-16,4.440892098500626e-16
17,25,29,30,True,19.955865842500003,19.9558658425,3.552713678800501e-15,1.7802854092325512e-16,4.440892098500626e-16
17,25,29,31,True,19.7618249425,19.7618249425,0.0,0.0,4.440892098500626e-16
17,25,29,32,True,19.6157482825,19.615748282500004,3.552713678800501e-15,1.8111537870671088e-16,8.881784197001252e-16
17,26,29,28,True,24.62974538250001,24.629745382500015,7.105427357601002e-15,2.8848967974510887e-16,4.440892098500626e-16
17,26,29,27,True,31.322970802500006,31.322970802500013,7.105427357601002e-15,2.268439798511669e-16,4.440892098500626e-16
17,26,29,4,True,33.063005422500005,33.063005422500005,0.0,0.0,4.440892098500626e-16
17,26,29,3,True,38.76108636,36.705950490000006,2.0551358699999938,0.053020595215329605,0.0900000000000003
17,26,29,5,True,36.04488732000001,34.133644170000004,1.9112431500000042,0.05302397349816445,0.09000000000000041
17,26,29,6,True,34.75873416000001,32.919437370000004,1.839296790000006,0.05291610395054747,0.09000000000000075
17,26,29,8,True,18.986122322500005,18.9861223225,3.552713678800501e-15,1.8712160484662336e-16,4.440892098500626e-16
17,26,29,30,True,18.727203302500005,18.7272033025,3.552713678800501e-15,1.8970871525307936e-16,4.440892098500626e-16
17,26,29,31,True,18.5162485225,18.516248522500003,3.552713678800501e-15,1.9187005804569023e-16,4.440892098500626e-16
17,26,29,32,True,18.353257982500004,18.353257982500004,0.0,0.0,4.440892098500626e-16
23,22,29,28,True,23.2815861525,23.2815861525,0.0,0.0,0.0
23,22,29,27,True,30.0341046525,30.0341046525,0.0,0.0,2.7755575615628914e-17
23,22,29,4,True,31.7868449325,31.7868449325,0.0,0.0,2.7755575615628914e-17
23,22,29,3,True,34.982974289999994,34.98297429,7.105427357601002e-15,2.0311101333748267e-16,6.106226635438361e-16
23,22,29,5,True,32.427608850000006,32.42760885,7.105427357601002e-15,2.1911659877447302e-16,4.996003610813204e-16
23,22,29,6,True,31.22187249,31.22187249,0.0,0.0,4.440892098500626e-16
23,22,29,8,True,17.9143957525,17.448789932499995,0.46560582000000394,0.025990595855572046,0.08999999999999986
23,22,29,30,True,17.5920008125,17.198341352499995,0.3936594600000056,0.022377185187502424,0.08999999999999991
23,22,29,31,True,17.317570112499997,16.995857012499997,0.3217131000000002,0.018577265627340203,0.08999999999999991
23,22,29,32,True,17.0911036525,16.841336912499997,0.24976674000000187,0.014613845020094256,0.08999999999999991
23,21,29,28,True,23.455327912500003,23.455327912500003,0.0,0.0,0.0
23,21,29,27,True,30.326306572500002,30.326306572500002,0.0,0.0,2.7755575615628914e-17
23,21,29,4,True,32.1044311725,32.1044311725,0.0,0.0,2.7755575615628914e-17
23,21,29,3,True,34.40787860999999,34.407878610000004,1.4210854715202004e-14,4.130116499269412e-16,6.106226635438361e-16
23,21,29,5,True,31.88635893,31.88635893,0.0,0.0,4.996003610813204e-16
23,21,29,6,True,30.69754545,30.697545449999996,3.552713678800501e-15,1.157328257592172e-16,4.440892098500626e-16
23,21,29,8,True,18.038245172499998,17.244587372499996,0.7936578000000019,0.043998614743853456,0.1499999999999999
23,21,29,30,True,17.6848088725,17.011061672499995,0.6737472000000047,0.038097510968732394,0.14999999999999997
23,21,29,31,True,17.379336812499997,16.825500212499996,0.5538366000000003,0.03186753361046874,0.14999999999999997
23,21,29,32,True,17.1218289925,16.6879029925,0.4339259999999996,0.02534343732728994,0.14999999999999997
23,20,29,28,True,23.72911583250001,23.72911583250001,0.0,0.0,0.0
23,20,29,27,True,30.718554652500007,30.718554652500007,0.0,0.0,2.7755575615628914e-17
23,20,29,4,True,32.5220635725,32.5220635725,0.0,0.0,2.7755575615628914e-17
23,20,29,3,True,33.932829090000006,33.932829090000006,0.0,0.0,2.220446049250313e-16
23,20,29,5,True,31.445155170000003,31.445155170000003,0.0,0.0,2.220446049250313e-16
23,20,29,6,True,30.273264570000002,30.27326457,3.552713678800501e-15,1.1735482542973397e-16,4.440892098500626e-16
23,20,29,8,True,18.2762592325,17.1404309725,1.1358282600000003,0.0621477429024534,0.20999999999999996
23,20,29,30,True,17.8917815725,16.9238281525,0.9679534200000006,0.05410044919661678,0.21000000000000002
23,20,29,31,True,17.5552681525,16.7551895725,0.8000785799999974,0.045574842437599586,0.21000000000000002
23,20,29,32,True,17.2667189725,16.634515232500004,0.6322037399999978,0.03661400530157947,0.21000000000000002
23,19,29,28,True,24.10294991250001,24.102949912500016,7.105427357601002e-15,2.9479492690295403e-16,4.440892098500626e-16
23,19,29,27,True,31.21084889250001,31.210848892500014,3.552713678800501e-15,1.1382944728729312e-16,4.440892098500626e-16
23,19,29,4,True,33.0397421325,33.03974213250001,7.105427357601002e-15,2.1505698589008203e-16,4.440892098500626e-16
23,19,29,3,True,33.557825730000005,33.557825730000005,0.0,0.0,4.440892098500626e-16
23,19,29,5,True,31.103997570000004,31.103997570000004,0.0,0.0,5.551115123125783e-16
23,19,29,6,True,29.94902985000001,29.94902985,1.0658141036401503e-14,3.5587600298850745e-16,8.881784197001252e-16
23,19,29,8,True,18.628437932500002,17.136320732500003,1.4921171999999991,0.08009888995559768,0.27000000000000046
23,19,29,30,True,18.2129189125,16.936640792500004,1.276278119999997,0.0700754297612369,0.27000000000000046
23,19,29,31,True,17.845364132500002,16.784925092500004,1.0604390399999986,0.059423782676909655,0.27000000000000046
23,19,29,32,True,17.525773592500002,16.681173632500006,0.8445999599999965,0.048191878979963285,0.27000000000000046
23,18,29,28,True,25.1507565525,25.15075655250001,1.0658141036401503e-14,4.237701961033883e-16,4.440892098500626e-16
23,18,29,27,True,32.4955758525,32.49557585250001,1.4210854715202004e-14,4.373165990258552e-16,4.440892098500626e-16
23,18,29,4,True,34.3752377325,34.375237732500004,7.105427357601002e-15,2.0670191179167295e-16,4.440892098500626e-16
23,18,29,3,True,33.107957490000004,33.107957490000004,0.0,0.0,2.220446049250313e-16
23,18,29,5,True,30.721820850000004,30.721820850000004,0.0,0.0,1.1102230246251565e-16
23,18,29,6,True,29.60069889,29.60069889,0.0,0.0,4.440892098500626e-16
23,18,29,8,True,19.675289252499997,17.4282387325,2.2470505199999984,0.11420673369335507,0.3899999999999999
23,18,29,30,True,19.197687512499996,17.2624045525,1.935282959999995,0.10080812903845288,0.39
23,18,29,31,True,18.768050012499994,17.1445346125,1.6235153999999952,0.08650421321973742,0.3900000000000001
23,18,29,32,True,18.386376752499995,17.074628912500003,1.3117478399999918,0.07134346574409411,0.3900000000000001
23,16,29,28,True,25.824729112500002,25.82472911250001,7.105427357601002e-15,2.7514044103416153e-16,4.440892098500626e-16
23,16,29,27,True,33.2880085725,33.288008572500004,7.105427357601002e-15,2.1345306199755552e-16,4.440892098500626e-16
23,16,29,4,True,35.193054772500005,35.1930547725,7.105427357601002e-15,2.0189856787178393e-16,4.440892098500626e-16
23,16,29,3,True,33.033092610000004,33.033092610000004,0.0,0.0,2.220446049250313e-16
23,16,29,5,True,30.680801730000002,30.680801730000002,0.0,0.0,1.1102230246251565e-16
23,16,29,6,True,29.57660265,29.576602649999998,3.552713678800501e-15,1.2011905900221778e-16,4.440892098500626e-16
23,16,29,8,True,20.3699618725,17.7242669725,2.6456948999999987,0.1298821724144589,0.44999999999999996
23,16,29,30,True,19.861318772499995,17.5753556725,2.2859630999999965,0.11509623938794757,0.45000000000000007
23,16,29,31,True,19.400639912499997,17.4744086125,1.9262312999999978,0.09928699819632808,0.45000000000000007
23,16,29,32,True,18.987925292499995,17.421425792500003,1.566499499999992,0.08249977161110596,0.4500000000000002
23,15,29,28,True,26.598747832500003,26.59874783250001,7.105427357601002e-15,2.671339042854923e-16,4.440892098500626e-16
23,15,29,27,True,34.180487452499996,34.18048745250001,1.4210854715202004e-14,4.157592759597291e-16,4.440892098500626e-16
23,15,29,4,True,36.1109179725,36.110917972500005,7.105427357601002e-15,1.9676673306981803e-16,4.440892098500626e-16
23,15,29,3,True,33.05827389,33.05827389,0.0,0.0,2.220446049250313e-16
23,15,29,5,True,30.739828770000003,30.739828770000003,0.0,0.0,1.1102230246251565e-16
23,15,29,6,True,29.65255257,29.65255257,0.0,0.0,4.440892098500626e-16
23,15,29,8,True,21.1787991325,18.1203413725,3.0584577599999996,0.1444112926736546,0.51
23,15,29,30,True,20.639114672499996,17.9883529525,2.650761719999995,0.12843388692112492,0.5100000000000001
23,15,29,31,True,20.147394452499995,17.9043287725,2.2430656799999937,0.11133279220240125,0.5100000000000001
23,15,29,32,True,19.703638472499996,17.868268832500004,1.8353696399999926,0.09314876755181963,0.5100000000000001
23,14,29,28,True,27.244917165,27.244917165000007,7.105427357601002e-15,2.6079827347498567e-16,4.440892098500626e-16
23,14,29,27,True,34.915501905,34.915501905000006,7.105427357601002e-15,2.035035147692803e-16,4.440892098500626e-16
23,14,29,4,True,36.864970664999994,36.864970665,7.105427357601002e-15,1.9274197780243923e-16,4.440892098500626e-16
23,14,29,3,True,33.142815142500005,33.142815142500005,0.0,0.0,2.220446049250313e-16
23,14,29,5,True,30.849754342500002,30.849754342500002,0.0,0.0,1.1102230246251565e-16
23,14,29,6,True,29.7751703025,29.775170302499998,3.552713678800501e-15,1.193179969319002e-16,4.440892098500626e-16
23,14,29,8,True,21.860347622499997,18.483052465,3.377295157499997,0.15449411948160788,0.5549999999999999
23,14,29,30,True,21.297382142499995,18.363756204999998,2.933625937499997,0.1377458467839481,0.555
23,14,29,31,True,20.782380902499998,18.292424184999998,2.4899567175,0.11981094606924816,0.555
23,14,29,32,True,20.315343902499997,18.269056405,2.0462874974999963,0.10072620514428905,0.555
23,12,29,28,True,28.194016664999992,28.194016664999996,3.552713678800501e-15,1.2600949063106833e-16,4.440892098500626e-16
23,12,29,27,True,35.983061564999986,35.983061565,1.4210854715202004e-14,3.9493178448786086e-16,4.440892098500626e-16
23,12,29,4,True,37.95791464499998,37.957914644999995,1.4210854715202004e-14,3.743844952524001e-16,4.440892098500626e-16
23,12,29,3,True,33.343077202499984,33.343077202500005,2.1316282072803006e-14,6.393015840542984e-16,8.881784197001252e-16
23,12,29,5,True,31.083862162499994,31.0838621625,7.105427357601002e-15,2.2858894819618294e-16,4.996003610813204e-16
23,12,29,6,True,30.026201002499988,30.0262010025,1.0658141036401503e-14,3.5496135643380603e-16,4.440892098500626e-16
23,12,29,8,True,22.86897300249999,19.054207644999995,3.814765357499997,0.16680964891090538,0.6149999999999995
23,12,29,30,True,22.274966162499993,18.95183426499999,3.3231318975000015,0.1491868437984211,0.6149999999999995
23,12,29,31,True,21.72892356249999,18.897425124999994,2.831498437499995,0.13031011082328192,0.6149999999999997
23,12,29,32,True,21.23084520249999,18.890980224999996,2.3398649774999924,0.11021063717352464,0.6149999999999997
23,10,29,28,True,29.243162324999993,29.243162324999997,3.552713678800501e-15,1.214886967187979e-16,4.440892098500626e-16
23,10,29,27,True,37.150667384999984,37.15066738499999,7.105427357601002e-15,1.9125975003264412e-16,4.440892098500626e-16
23,10,29,4,True,39.150904784999994,39.150904784999994,0.0,0.0,4.440892098500626e-16
23,10,29,3,True,33.64338542249998,33.6433854225,2.1316282072803006e-14,6.335950382254673e-16,8.881784197001252e-16
23,10,29,5,True,31.41801614249999,31.4180161425,1.0658141036401503e-14,3.3923660195667e-16,4.996003610813204e-16
23,10,29,6,True,30.37727786249999,30.377277862499998,7.105427357601002e-15,2.3390599347851635e-16,4.440892098500626e-16
23,10,29,8,True,23.991763022499992,19.725408984999994,4.2663540374999975,0.17782578268628774,0.6749999999999996
23,10,29,30,True,23.36671482249999,19.639958484999994,3.726756337499996,0.15948995679578687,0.6749999999999996
23,10,29,31,True,22.78963086249999,19.602472224999993,3.187158637499998,0.13985126203796577,0.6749999999999996
23,10,29,32,True,22.26051114249999,19.612950204999997,2.6475609374999927,0.11893531646922711,0.6749999999999997
23,9,29,28,True,33.462870125,33.46287012500001,7.105427357601002e-15,2.123376545723303e-16,4.440892098500626e-16
23,9,29,27,True,41.76524238499999,41.765242385,7.105427357601002e-15,1.7012776538208046e-16,4.440892098500626e-16
23,9,29,4,True,43.850094185,43.850094184999996,7.105427357601002e-15,1.620390443775053e-16,4.440892098500626e-16
23,9,29,3,True,35.366968422499994,35.36696842250001,1.4210854715202004e-14,4.018115023441265e-16,4.440892098500626e-16
23,9,29,5,True,33.254418342499996,33.2544183425,7.105427357601002e-15,2.1366867056339652e-16,4.440892098500626e-16
23,9,29,6,True,32.27008966249999,32.2700896625,7.105427357601002e-15,2.2018616718806286e-16,4.440892098500626e-16
23,9,29,8,True,28.558918822499994,22.685302385,5.873616437499994,0.20566662463680158,0.875
23,9,29,30,True,27.830399422499994,22.656261484999998,5.174137937499996,0.18591676888822767,0.875
23,9,29,31,True,27.149844262499997,22.675184825,4.474659437499998,0.1648134477029212,0.875
23,9,29,32,True,26.517253342499995,22.742072405000002,3.775180937499993,0.14236696722467096,0.8750000000000001
23,7,29,28,True,38.794201925,38.79420192500001,7.105427357601002e-15,1.8315694111552474e-16,4.440892098500626e-16
23,7,29,27,True,47.491441385,47.49144138500001,7.105427357601002e-15,1.496149021883599e-16,4.440892098500626e-16
23,7,29,4,True,49.660907585000004,49.660907585000004,0.0,0.0,4.440892098500626e-16
23,7,29,3,True,38.20217542249999,38.202175422500005,1.4210854715202004e-14,3.7199071932516743e-16,4.440892098500626e-16
23,7,29,5,True,36.2024445425,36.202444542500004,7.105427357601002e-15,1.9626926986269002e-16,4.440892098500626e-16
23,7,29,6,True,35.274525462499994,35.2745254625,7.105427357601002e-15,2.014322592420049e-16,4.440892098500626e-16
23,7,29,8,True,34.3945706225,26.756819785,7.637750837499997,0.22206268894380635,1.0750000000000002
23,7,29,30,True,33.5625800225,26.784188485,6.778391537499999,0.20196276725316817,1.075
23,7,29,31,True,32.778553662499995,26.859521425,5.919032237499994,0.18057637009992936,1.0750000000000002
23,7,29,32,True,32.042491542499995,26.982818605000002,5.059672937499993,0.15790510331535945,1.0750000000000002
23,8,29,28,True,48.74745658250001,35.37358390250001,13.373872679999998,0.2743501634257801,0.4200000000000004
23,8,29,27,True,70.1235880025,40.13202304250001,29.99156495999999,0.4276958126975869,0.8400000000000003
23,8,29,4,True,75.43198717250002,41.45746060250001,33.97452657000001,0.4503994637222813,0.9300000000000006
23,8,29,3,True,43.0717675025,59.68040228000001,16.608634777500008,0.3856037432533039,2.2350000000000003
23,8,29,5,True,38.50483978250001,56.55529988000001,18.0504600975,0.4687841891944119,2.115
23,8,29,6,True,36.3926228825,55.064695040000004,18.672072157500004,0.5130729988268798,2.055
23,8,29,8,True,38.50483978250001,35.9028504025,2.6019893800000062,0.06757564489808836,2.115
23,30,29,28,True,46.53676486250001,33.86321530250001,12.673549559999998,0.2723341340431794,0.4200000000000004
23,30,29,27,True,67.33103332250003,38.74011460250001,28.590918720000026,0.4246321095809737,0.8400000000000007
23,30,29,4,True,72.51474757250001,40.090936482500005,32.42381109000001,0.44713402687615766,0.9300000000000006
23,30,29,3,True,44.539280922500005,57.42119624000001,12.881915317500003,0.2892259383332886,2.2350000000000003
23,30,29,5,True,39.806106642500005,54.3299396,14.523832957499998,0.36486444373821925,2.115
23,30,29,6,True,37.6107664625,52.85625764,15.2454911775,0.4053491223769819,2.055
23,30,29,30,True,39.806106642500005,33.4961433025,6.309963340000003,0.1585174706149988,2.115
23,31,29,28,True,44.42611930250003,32.45289286250001,11.973226440000019,0.2695087175738584,0.4200000000000008
23,31,29,27,True,64.63852480250003,37.44825232250001,27.19027248000002,0.4206511915777567,0.8400000000000007
23,31,29,4,True,69.69755413250002,38.8244585225,30.873095610000014,0.44295809220662263,0.9300000000000006
23,31,29,3,True,46.106840502500006,55.26203636000001,9.155195857500004,0.19856480638710414,2.2350000000000003
23,31,29,5,True,41.2074196625,52.204625480000004,10.997205817500003,0.2668744101807421,2.115
23,31,29,6,True,38.928956202500004,50.7478664,11.818910197499996,0.30360203176320943,2.0550000000000006
23,31,29,31,True,41.2074196625,31.2712923625,9.936127300000003,0.24112471446597708,2.115
23,32,29,28,True,42.415519902500016,31.1426165825,11.272903320000015,0.26577307895583707,0.4200000000000008
23,32,29,27,True,62.046062442500016,36.2564362025,25.78962624000002,0.41565290728803383,0.8400000000000007
23,32,29,4,True,66.98040685250001,37.6580267225,29.322380130000013,0.43777548551730794,0.9300000000000006
23,32,29,3,True,47.77444624250001,53.202922640000004,5.428476397499992,0.11362719663866735,2.2350000000000008
23,32,29,5,True,42.7087788425,50.17935752,7.470578677500001,0.17491904193865504,2.115
23,32,29,6,True,40.3471921025,48.739521319999994,8.392329217499992,0.20800280713908673,2.055
23,32,29,32,True,42.7087788425,29.228297582499998,13.480481260000005,0.31563724427038453,2.115
23,33,29,28,True,28.822202502499998,28.822202502499998,0.0,0.0,1.1102230246251565e-16
23,33,29,27,True,34.172942442499995,34.172942442499995,0.0,0.0,1.1102230246251565e-16
23,33,29,4,True,35.625301602499995,35.625301602499995,0.0,0.0,1.1102230246251565e-16
23,33,29,3,True,49.384833679999986,49.38483368,1.4210854715202004e-14,2.877574683613272e-16,8.881784197001252e-16
23,33,29,5,True,46.42896008,46.428960079999996,7.105427357601002e-15,1.5303869277618765e-16,4.996003610813204e-16
23,33,29,6,True,45.02296964,45.02296963999999,7.105427357601002e-15,1.5781782975257786e-16,4.440892098500626e-16
23,33,29,8,True,25.117428822499996,27.461747402499995,2.3443185799999995,0.09333433754572751,0.6200000000000006
23,33,29,30,True,25.162356642499997,27.011044742499994,1.8486880999999968,0.07347038778067018,0.6200000000000006
23,33,29,31,True,25.255248702499994,26.608306322499992,1.3530576199999977,0.053575303729480196,0.6200000000000003
23,33,29,32,True,25.396105002499997,26.253532142499996,0.8574271399999986,0.03376215131869999,0.6200000000000003
23,34,29,28,True,25.84414490250001,25.84414490250001,0.0,0.0,1.1102230246251565e-16
23,34,29,27,True,31.58975204250001,31.58975204250001,0.0,0.0,2.220446049250313e-16
23,34,29,4,True,33.1267256025,33.1267256025,0.0,0.0,2.220446049250313e-16
23,34,29,3,True,43.91065128000001,43.91065128000001,0.0,0.0,2.220446049250313e-16
23,34,29,5,True,41.06759688,41.06759688,0.0,0.0,2.220446049250313e-16
23,34,29,6,True,39.71801604,39.71801604,0.0,0.0,4.440892098500626e-16
23,34,29,8,True,21.471073022500004,23.223875402500003,1.7528023799999985,0.08163552786408014,0.4200000000000004
23,34,29,30,True,21.412529642500008,22.8295823425,1.4170526999999922,0.06617866845528603,0.4200000000000004
23,34,29,31,True,21.401950502500004,22.4832535225,1.0813030199999965,0.050523573534743356,0.42000000000000015
23,34,29,32,True,21.4393356025,22.184888942500002,0.7455533400000007,0.034775020729330024,0.4200000000000002
23,35,29,28,True,24.340104952500003,24.34010495250001,7.105427357601002e-15,2.919226261130478e-16,4.440892098500626e-16
23,35,29,27,True,30.38186249250001,30.38186249250001,0.0,0.0,5.551115123125783e-17
23,35,29,4,True,31.982296852500003,31.982296852500003,0.0,0.0,5.551115123125783e-17
23,35,29,3,True,40.534517730000005,40.534517730000005,0.0,0.0,2.220446049250313e-16
23,35,29,5,True,37.776077730000004,37.776077730000004,0.0,0.0,1.1102230246251565e-16
23,35,29,6,True,36.46880409,36.46880409,0.0,0.0,4.440892098500626e-16
23,35,29,8,True,19.568756672499998,20.7749746525,1.2062179800000017,0.06163999073559444,0.27000000000000024
23,35,29,30,True,19.4326098925,20.4229887925,0.9903788999999996,0.05096479090964696,0.27000000000000013
23,35,29,31,True,19.3444273525,20.1189671725,0.7745398200000011,0.04003942871433217,0.2700000000000001
23,35,29,32,True,19.3042090525,19.8629097925,0.5587007400000026,0.028941913055362804,0.27000000000000024
23,36,29,28,True,23.28493370250001,23.28493370250001,0.0,0.0,0.0
23,36,29,27,True,29.741301802500008,29.741301802500008,0.0,0.0,2.7755575615628914e-17
23,36,29,4,True,31.430581282500004,31.430581282500004,0.0,0.0,2.7755575615628914e-17
23,36,29,3,True,36.85841544,36.85841544000001,7.105427357601002e-15,1.9277625673213155e-16,2.220446049250313e-16
23,36,29,5,True,34.21843560000001,34.21843560000001,0.0,0.0,2.220446049250313e-16
23,36,29,6,True,32.97039204,32.97039204,0.0,0.0,4.440892098500626e-16
23,36,29,8,True,18.1042425025,18.3969982825,0.29275578000000024,0.01617056222924399,0.06000000000000011
23,36,29,30,True,17.8594509625,18.1042425025,0.24479154000000136,0.013706554614360609,0.06000000000000011
23,36,29,31,True,17.6626236625,17.8594509625,0.19682729999999893,0.01114371815654366,0.06000000000000005
23,36,29,32,True,17.513760602500003,17.662623662500003,0.14886306000000005,0.008499777025543593,0.06000000000000011
